--
-- Скрипт сгенерирован Devart dbForge Studio for MySQL, Версия 8.0.80.0
-- Домашняя страница продукта: http://www.devart.com/ru/dbforge/mysql/studio
-- Дата скрипта: 25.06.2019 20:41:43
-- Версия сервера: 5.5.60
-- Версия клиента: 4.1
--

-- 
-- Отключение внешних ключей
-- 
/*!40014 SET @OLD_FOREIGN_KEY_CHECKS=@@FOREIGN_KEY_CHECKS, FOREIGN_KEY_CHECKS=0 */;

-- 
-- Установить режим SQL (SQL mode)
-- 
/*!40101 SET @OLD_SQL_MODE=@@SQL_MODE, SQL_MODE='NO_AUTO_VALUE_ON_ZERO' */;

-- 
-- Установка кодировки, с использованием которой клиент будет посылать запросы на сервер
--
SET NAMES 'utf8';

--
-- Установка базы данных по умолчанию
--
USE riiix;

--
-- Удалить таблицу `account`
--
DROP TABLE IF EXISTS account;

--
-- Удалить таблицу `audittrail_shop`
--
DROP TABLE IF EXISTS audittrail_shop;

--
-- Удалить таблицу `catalog`
--
DROP TABLE IF EXISTS catalog;

--
-- Удалить таблицу `catalog_p`
--
DROP TABLE IF EXISTS catalog_p;

--
-- Удалить таблицу `catalog_s`
--
DROP TABLE IF EXISTS catalog_s;

--
-- Удалить таблицу `category`
--
DROP TABLE IF EXISTS category;

--
-- Удалить таблицу `color`
--
DROP TABLE IF EXISTS color;

--
-- Удалить таблицу `content`
--
DROP TABLE IF EXISTS content;

--
-- Удалить таблицу `faq`
--
DROP TABLE IF EXISTS faq;

--
-- Удалить таблицу `gallery`
--
DROP TABLE IF EXISTS gallery;

--
-- Удалить таблицу `kassa`
--
DROP TABLE IF EXISTS kassa;

--
-- Удалить таблицу `kassa_service`
--
DROP TABLE IF EXISTS kassa_service;

--
-- Удалить таблицу `orders`
--
DROP TABLE IF EXISTS orders;

--
-- Удалить таблицу `parametrs`
--
DROP TABLE IF EXISTS parametrs;

--
-- Удалить таблицу `paymethod`
--
DROP TABLE IF EXISTS paymethod;

--
-- Удалить таблицу `settings`
--
DROP TABLE IF EXISTS settings;

--
-- Удалить таблицу `shipping`
--
DROP TABLE IF EXISTS shipping;

--
-- Удалить таблицу `size`
--
DROP TABLE IF EXISTS size;

--
-- Удалить таблицу `tags`
--
DROP TABLE IF EXISTS tags;

--
-- Удалить таблицу `userlevelpermissions`
--
DROP TABLE IF EXISTS userlevelpermissions;

--
-- Удалить таблицу `userlevels`
--
DROP TABLE IF EXISTS userlevels;

--
-- Удалить таблицу `widgets`
--
DROP TABLE IF EXISTS widgets;

--
-- Установка базы данных по умолчанию
--
USE riiix;

--
-- Создать таблицу `widgets`
--
CREATE TABLE widgets (
  id int(2) NOT NULL AUTO_INCREMENT,
  title varchar(55) DEFAULT NULL,
  code text DEFAULT NULL,
  PRIMARY KEY (id)
)
ENGINE = INNODB,
AUTO_INCREMENT = 5,
AVG_ROW_LENGTH = 4096,
CHARACTER SET utf8,
COLLATE utf8_general_ci;

--
-- Создать таблицу `userlevels`
--
CREATE TABLE userlevels (
  userlevelid int(11) NOT NULL,
  userlevelname varchar(80) NOT NULL,
  PRIMARY KEY (userlevelid)
)
ENGINE = INNODB,
AVG_ROW_LENGTH = 1820,
CHARACTER SET utf8,
COLLATE utf8_general_ci;

--
-- Создать таблицу `userlevelpermissions`
--
CREATE TABLE userlevelpermissions (
  userlevelid int(11) NOT NULL,
  tablename varchar(255) NOT NULL DEFAULT '',
  permission int(11) NOT NULL,
  PRIMARY KEY (userlevelid, tablename)
)
ENGINE = INNODB,
AVG_ROW_LENGTH = 147,
CHARACTER SET utf8,
COLLATE utf8_general_ci;

--
-- Создать таблицу `tags`
--
CREATE TABLE tags (
  id int(11) NOT NULL AUTO_INCREMENT,
  name varchar(70) DEFAULT NULL,
  category int(11) DEFAULT NULL,
  scategory int(11) DEFAULT NULL,
  PRIMARY KEY (id)
)
ENGINE = INNODB,
AUTO_INCREMENT = 999,
AVG_ROW_LENGTH = 162,
CHARACTER SET utf8,
COLLATE utf8_general_ci;

--
-- Создать таблицу `size`
--
CREATE TABLE size (
  size varbinary(5) NOT NULL,
  PRIMARY KEY (size)
)
ENGINE = INNODB,
AVG_ROW_LENGTH = 963,
CHARACTER SET utf8,
COLLATE utf8_general_ci;

--
-- Создать таблицу `shipping`
--
CREATE TABLE shipping (
  id int(11) NOT NULL AUTO_INCREMENT,
  plan varchar(255) DEFAULT NULL,
  price float DEFAULT NULL,
  user_id int(2) DEFAULT NULL,
  weight int(11) DEFAULT NULL,
  currency char(3) DEFAULT NULL,
  PRIMARY KEY (id)
)
ENGINE = INNODB,
CHARACTER SET utf8,
COLLATE utf8_general_ci;

--
-- Создать таблицу `settings`
--
CREATE TABLE settings (
  id int(5) NOT NULL AUTO_INCREMENT,
  lang int(3) NOT NULL DEFAULT 1,
  init varchar(10) NOT NULL,
  name varchar(255) NOT NULL,
  param varchar(255) NOT NULL,
  PRIMARY KEY (id)
)
ENGINE = MYISAM,
AUTO_INCREMENT = 46,
AVG_ROW_LENGTH = 50,
CHARACTER SET utf8,
CHECKSUM = 0,
COLLATE utf8_unicode_ci;

--
-- Создать таблицу `paymethod`
--
CREATE TABLE paymethod (
  id int(11) NOT NULL AUTO_INCREMENT,
  name varchar(50) DEFAULT NULL,
  comment varchar(255) DEFAULT NULL,
  PRIMARY KEY (id)
)
ENGINE = INNODB,
CHARACTER SET utf8,
COLLATE utf8_general_ci;

--
-- Создать таблицу `parametrs`
--
CREATE TABLE parametrs (
  id int(11) NOT NULL AUTO_INCREMENT,
  name varchar(100) NOT NULL,
  PRIMARY KEY (id)
)
ENGINE = INNODB,
AUTO_INCREMENT = 7,
AVG_ROW_LENGTH = 1820,
CHARACTER SET utf8,
COLLATE utf8_general_ci;

--
-- Создать таблицу `orders`
--
CREATE TABLE orders (
  id int(11) NOT NULL AUTO_INCREMENT,
  date datetime DEFAULT NULL,
  name varchar(255) DEFAULT NULL,
  amount decimal(10, 2) DEFAULT NULL,
  count float DEFAULT NULL,
  status enum ('0', '1', '2') NOT NULL DEFAULT '0' COMMENT '0 заказан, 1 оплачен, 2 отменен',
  user_id int(11) NOT NULL,
  cuser_id int(11) DEFAULT NULL,
  shipping enum ('0', '1', '2', '3') DEFAULT '0' COMMENT '0 пакуется, 1 в пути, 2 доставлен, 3 возврат',
  comment varchar(255) DEFAULT NULL,
  param enum ('0', '1') DEFAULT '0' COMMENT '0 заказ, 1 детали заказа',
  currency char(3) DEFAULT NULL,
  order_id int(11) DEFAULT NULL,
  PRIMARY KEY (id)
)
ENGINE = INNODB,
AVG_ROW_LENGTH = 1,
CHARACTER SET utf8,
COLLATE utf8_unicode_ci;

--
-- Создать таблицу `kassa_service`
--
CREATE TABLE kassa_service (
  id int(11) NOT NULL AUTO_INCREMENT,
  name varchar(50) DEFAULT NULL,
  PRIMARY KEY (id)
)
ENGINE = INNODB,
AUTO_INCREMENT = 6,
AVG_ROW_LENGTH = 3276,
CHARACTER SET utf8,
COLLATE utf8_general_ci;

--
-- Создать таблицу `kassa`
--
CREATE TABLE kassa (
  id int(11) NOT NULL AUTO_INCREMENT,
  date datetime DEFAULT NULL,
  name varchar(55) DEFAULT NULL,
  amount decimal(10, 2) DEFAULT NULL,
  status enum ('0', '1', '2') NOT NULL DEFAULT '0' COMMENT '0 ожидает оплаты, 1 оплачен, 2 отменен',
  user_id int(11) NOT NULL,
  currency char(3) DEFAULT NULL,
  param enum ('+', '-') DEFAULT '+' COMMENT '+ приход, - расход',
  paymethod varchar(55) DEFAULT NULL,
  service_id int(11) DEFAULT NULL,
  source decimal(10, 2) DEFAULT NULL,
  usd decimal(10, 2) DEFAULT NULL,
  order_id int(11) DEFAULT NULL,
  PRIMARY KEY (id)
)
ENGINE = INNODB,
AUTO_INCREMENT = 21,
AVG_ROW_LENGTH = 1,
CHARACTER SET utf8,
COLLATE utf8_unicode_ci;

--
-- Создать таблицу `gallery`
--
CREATE TABLE gallery (
  id int(10) NOT NULL AUTO_INCREMENT,
  catalog int(11) DEFAULT NULL,
  file varchar(100) NOT NULL,
  type enum ('file', 'photo', 'slider', 'slider_inside', 'assoriment', 'logo', 'certificate', 'banner') NOT NULL DEFAULT 'slider',
  more_link varchar(255) DEFAULT NULL,
  publish enum ('yes', 'no') NOT NULL DEFAULT 'yes',
  `default` enum ('yes', 'no') DEFAULT 'no',
  title varchar(255) DEFAULT NULL,
  PRIMARY KEY (id)
)
ENGINE = MYISAM,
AUTO_INCREMENT = 125,
AVG_ROW_LENGTH = 98,
CHARACTER SET utf8,
CHECKSUM = 0,
COLLATE utf8_unicode_ci;

--
-- Создать индекс `id` для объекта типа таблица `gallery`
--
ALTER TABLE gallery
ADD INDEX id (id);

--
-- Создать таблицу `faq`
--
CREATE TABLE faq (
  id int(11) NOT NULL AUTO_INCREMENT,
  q varchar(255) DEFAULT NULL,
  a text DEFAULT NULL,
  level int(2) DEFAULT NULL,
  PRIMARY KEY (id)
)
ENGINE = INNODB,
CHARACTER SET utf8,
COLLATE utf8_general_ci;

--
-- Создать таблицу `content`
--
CREATE TABLE content (
  id int(10) UNSIGNED NOT NULL AUTO_INCREMENT,
  type enum ('structure', 'category', 'scategory', 'system', 'listing') NOT NULL DEFAULT 'category',
  moduls enum ('actions', 'news', 'articles', 'home', 'contact', 'shop', 'gallery', 'cart', 'search', 'faq') NOT NULL DEFAULT 'articles',
  addind varchar(100) DEFAULT NULL,
  param int(11) DEFAULT NULL,
  sparam int(11) DEFAULT NULL,
  title varchar(200) DEFAULT NULL,
  menu varchar(200) DEFAULT NULL,
  description varchar(255) DEFAULT NULL,
  keyword varchar(255) DEFAULT NULL,
  text text DEFAULT NULL,
  mimg varchar(50) DEFAULT NULL,
  img varchar(50) DEFAULT NULL,
  lang int(2) NOT NULL DEFAULT 1,
  mod_rewrite varchar(200) DEFAULT NULL,
  more_link varchar(255) DEFAULT NULL,
  date date DEFAULT NULL,
  date_end date DEFAULT NULL,
  status enum ('yes', 'no') NOT NULL DEFAULT 'yes',
  `position` int(11) NOT NULL DEFAULT 0,
  PRIMARY KEY (id)
)
ENGINE = MYISAM,
AUTO_INCREMENT = 80,
AVG_ROW_LENGTH = 403,
CHARACTER SET utf8,
CHECKSUM = 0,
COLLATE utf8_unicode_ci;

--
-- Создать индекс `id` для объекта типа таблица `content`
--
ALTER TABLE content
ADD INDEX id (id);

--
-- Создать таблицу `color`
--
CREATE TABLE color (
  id int(11) NOT NULL AUTO_INCREMENT,
  name varchar(50) DEFAULT NULL,
  code varchar(10) DEFAULT NULL,
  PRIMARY KEY (id)
)
ENGINE = INNODB,
AUTO_INCREMENT = 13,
AVG_ROW_LENGTH = 1365,
CHARACTER SET utf8,
COLLATE utf8_general_ci;

--
-- Создать таблицу `category`
--
CREATE TABLE category (
  id int(5) NOT NULL AUTO_INCREMENT,
  param enum ('category', 'category2', 'category3') NOT NULL DEFAULT 'category',
  category1 int(11) DEFAULT NULL,
  category2 int(11) DEFAULT NULL,
  category3 int(11) DEFAULT NULL,
  title varchar(255) DEFAULT NULL,
  menu varchar(200) DEFAULT NULL,
  mod_rewrite varchar(200) DEFAULT NULL,
  description varchar(255) DEFAULT NULL,
  keyword varchar(255) DEFAULT NULL,
  text text DEFAULT NULL,
  `position` int(5) DEFAULT NULL,
  publish int(2) DEFAULT NULL,
  type enum ('super', 'normal') DEFAULT 'normal',
  PRIMARY KEY (id)
)
ENGINE = MYISAM,
AUTO_INCREMENT = 196,
AVG_ROW_LENGTH = 114,
CHARACTER SET utf8,
CHECKSUM = 0,
COLLATE utf8_unicode_ci;

--
-- Создать индекс `mod_rewrite` для объекта типа таблица `category`
--
ALTER TABLE category
ADD UNIQUE INDEX mod_rewrite (mod_rewrite);

--
-- Создать таблицу `catalog_s`
--
CREATE TABLE catalog_s (
  id int(5) NOT NULL AUTO_INCREMENT,
  catalog int(5) NOT NULL,
  param int(5) NOT NULL,
  `position` int(5) DEFAULT NULL,
  PRIMARY KEY (id)
)
ENGINE = MYISAM,
AUTO_INCREMENT = 130,
AVG_ROW_LENGTH = 17,
CHARACTER SET utf8,
CHECKSUM = 0,
COLLATE utf8_unicode_ci;

--
-- Создать таблицу `catalog_p`
--
CREATE TABLE catalog_p (
  id int(11) NOT NULL AUTO_INCREMENT,
  catalog int(11) NOT NULL,
  param int(5) NOT NULL,
  name varchar(100) NOT NULL,
  `position` int(3) NOT NULL,
  PRIMARY KEY (id)
)
ENGINE = INNODB,
AVG_ROW_LENGTH = 3276,
CHARACTER SET utf8,
COLLATE utf8_general_ci;

--
-- Создать таблицу `catalog`
--
CREATE TABLE catalog (
  id int(11) NOT NULL AUTO_INCREMENT,
  category int(5) NOT NULL,
  category2 int(11) DEFAULT NULL,
  category3 int(11) DEFAULT NULL,
  title varchar(255) DEFAULT NULL,
  description text DEFAULT NULL,
  keyword varchar(255) DEFAULT NULL,
  img text DEFAULT NULL,
  publish enum ('yes', 'no', 'order') NOT NULL DEFAULT 'yes',
  user_id int(11) DEFAULT NULL,
  date datetime DEFAULT NULL,
  dateup datetime DEFAULT NULL,
  price_item decimal(19, 2) DEFAULT NULL,
  price decimal(19, 2) DEFAULT NULL,
  marketing enum ('0', '1', '2') DEFAULT '2',
  size varchar(255) DEFAULT NULL,
  color varchar(255) DEFAULT NULL,
  have enum ('0', '1', '2') DEFAULT '0',
  currency char(3) DEFAULT NULL,
  `lock` enum ('0', '1') DEFAULT '0',
  PRIMARY KEY (id)
)
ENGINE = MYISAM,
AUTO_INCREMENT = 223,
AVG_ROW_LENGTH = 3516,
CHARACTER SET utf8,
CHECKSUM = 0,
COLLATE utf8_unicode_ci;

--
-- Создать таблицу `audittrail_shop`
--
CREATE TABLE audittrail_shop (
  id int(11) NOT NULL AUTO_INCREMENT,
  datetime datetime NOT NULL,
  script varchar(80) DEFAULT NULL,
  user varchar(80) DEFAULT NULL,
  action varchar(80) DEFAULT NULL,
  `table` varchar(80) DEFAULT NULL,
  field varchar(80) DEFAULT NULL,
  keyvalue longtext DEFAULT NULL,
  oldvalue longtext DEFAULT NULL,
  newvalue longtext DEFAULT NULL,
  PRIMARY KEY (id)
)
ENGINE = INNODB,
AUTO_INCREMENT = 490,
AVG_ROW_LENGTH = 630,
CHARACTER SET utf8,
COLLATE utf8_general_ci;

--
-- Создать таблицу `account`
--
CREATE TABLE account (
  id int(11) NOT NULL AUTO_INCREMENT,
  date_b date DEFAULT NULL,
  date_reg datetime DEFAULT NULL,
  first_name varchar(255) DEFAULT NULL,
  surname varchar(255) DEFAULT NULL,
  patronymic varchar(255) DEFAULT NULL,
  phone varchar(15) DEFAULT NULL,
  login varchar(50) DEFAULT NULL,
  psw varchar(50) DEFAULT NULL,
  email varchar(250) DEFAULT NULL,
  publish enum ('Y', 'N', 'D') NOT NULL DEFAULT 'N',
  level int(5) NOT NULL,
  memo text DEFAULT NULL,
  company varchar(150) DEFAULT NULL,
  verify enum ('Y', 'N') DEFAULT 'N',
  comment varchar(255) DEFAULT NULL,
  balance decimal(10, 2) DEFAULT 0.00,
  subscribe date DEFAULT NULL,
  currency char(3) DEFAULT NULL,
  PRIMARY KEY (id)
)
ENGINE = INNODB,
AUTO_INCREMENT = 22,
AVG_ROW_LENGTH = 1,
CHARACTER SET utf8,
COLLATE utf8_unicode_ci;

--
-- Создать индекс `login` для объекта типа таблица `account`
--
ALTER TABLE account
ADD UNIQUE INDEX login (login);

-- 
-- Вывод данных для таблицы widgets
--
INSERT INTO widgets VALUES
(1, 'Код между &lt;head&gt;...&lt;/head&gt;', NULL),
(2, 'Код вначале &lt;body&gt;...', NULL),
(3, 'Код перед ...&lt;/body&gt;', NULL),
(4, 'Код кнопок &quot;поделиться&quot;', '<div>                                \r\n\t\t\t\t\t\t\t\t\t\t<script src="//yastatic.net/es5-shims/0.0.2/es5-shims.min.js"></script>\r\n                                        <script src="//yastatic.net/share2/share.js"></script>\r\n                                        <div class="ya-share2" data-services="vkontakte,facebook,odnoklassniki,gplus,twitter,linkedin,surfingbird,viber,whatsapp,skype,telegram"></div>\r\n                                    </div>');

-- 
-- Вывод данных для таблицы userlevels
--
INSERT INTO userlevels VALUES
(-2, 'Anonymous'),
(-1, 'Administrator'),
(0, 'Default'),
(1, 'Поставщик'),
(2, 'Логист'),
(3, 'Байер'),
(4, 'Менеджер'),
(5, 'Контент-Менеджер'),
(6, 'Координатор');

-- 
-- Вывод данных для таблицы userlevelpermissions
--
INSERT INTO userlevelpermissions VALUES
(-2, '{0C0FFAB2-CB57-45D4-B154-F15365E12BD8}account', 0),
(-2, '{0C0FFAB2-CB57-45D4-B154-F15365E12BD8}articles', 0),
(-2, '{0C0FFAB2-CB57-45D4-B154-F15365E12BD8}audittrail_shop', 0),
(-2, '{0C0FFAB2-CB57-45D4-B154-F15365E12BD8}banner', 0),
(-2, '{0C0FFAB2-CB57-45D4-B154-F15365E12BD8}catalog', 0),
(-2, '{0C0FFAB2-CB57-45D4-B154-F15365E12BD8}catalog_p', 0),
(-2, '{0C0FFAB2-CB57-45D4-B154-F15365E12BD8}catalog_s', 0),
(-2, '{0C0FFAB2-CB57-45D4-B154-F15365E12BD8}category', 0),
(-2, '{0C0FFAB2-CB57-45D4-B154-F15365E12BD8}color', 0),
(-2, '{0C0FFAB2-CB57-45D4-B154-F15365E12BD8}content', 0),
(-2, '{0C0FFAB2-CB57-45D4-B154-F15365E12BD8}gallery', 0),
(-2, '{0C0FFAB2-CB57-45D4-B154-F15365E12BD8}inside_photo', 0),
(-2, '{0C0FFAB2-CB57-45D4-B154-F15365E12BD8}logo', 0),
(-2, '{0C0FFAB2-CB57-45D4-B154-F15365E12BD8}ncateory', 0),
(-2, '{0C0FFAB2-CB57-45D4-B154-F15365E12BD8}news', 0),
(-2, '{0C0FFAB2-CB57-45D4-B154-F15365E12BD8}parametrs', 0),
(-2, '{0C0FFAB2-CB57-45D4-B154-F15365E12BD8}pcategory', 0),
(-2, '{0C0FFAB2-CB57-45D4-B154-F15365E12BD8}photo', 0),
(-2, '{0C0FFAB2-CB57-45D4-B154-F15365E12BD8}products', 0),
(-2, '{0C0FFAB2-CB57-45D4-B154-F15365E12BD8}prod_category1', 0),
(-2, '{0C0FFAB2-CB57-45D4-B154-F15365E12BD8}prod_category2', 0),
(-2, '{0C0FFAB2-CB57-45D4-B154-F15365E12BD8}settings', 0),
(-2, '{0C0FFAB2-CB57-45D4-B154-F15365E12BD8}settings1', 0),
(-2, '{0C0FFAB2-CB57-45D4-B154-F15365E12BD8}settings2', 0),
(-2, '{0C0FFAB2-CB57-45D4-B154-F15365E12BD8}settings3', 0),
(-2, '{0C0FFAB2-CB57-45D4-B154-F15365E12BD8}settings4', 0),
(-2, '{0C0FFAB2-CB57-45D4-B154-F15365E12BD8}size', 0),
(-2, '{0C0FFAB2-CB57-45D4-B154-F15365E12BD8}size_item', 0),
(-2, '{0C0FFAB2-CB57-45D4-B154-F15365E12BD8}size_manager', 0),
(-2, '{0C0FFAB2-CB57-45D4-B154-F15365E12BD8}size_p', 0),
(-2, '{0C0FFAB2-CB57-45D4-B154-F15365E12BD8}size_t', 0),
(-2, '{0C0FFAB2-CB57-45D4-B154-F15365E12BD8}slider', 0),
(-2, '{0C0FFAB2-CB57-45D4-B154-F15365E12BD8}sparam', 0),
(-2, '{0C0FFAB2-CB57-45D4-B154-F15365E12BD8}widgets', 0),
(1, '{0C0FFAB2-CB57-45D4-B154-F15365E12BD8}account', 0),
(1, '{0C0FFAB2-CB57-45D4-B154-F15365E12BD8}account_bayer', 0),
(1, '{0C0FFAB2-CB57-45D4-B154-F15365E12BD8}account_client', 108),
(1, '{0C0FFAB2-CB57-45D4-B154-F15365E12BD8}account_cmanager', 0),
(1, '{0C0FFAB2-CB57-45D4-B154-F15365E12BD8}account_coordinator', 0),
(1, '{0C0FFAB2-CB57-45D4-B154-F15365E12BD8}account_manager', 0),
(1, '{0C0FFAB2-CB57-45D4-B154-F15365E12BD8}account_shipping', 0),
(1, '{0C0FFAB2-CB57-45D4-B154-F15365E12BD8}articles', 0),
(1, '{0C0FFAB2-CB57-45D4-B154-F15365E12BD8}audittrail_shop', 0),
(1, '{0C0FFAB2-CB57-45D4-B154-F15365E12BD8}banner', 0),
(1, '{0C0FFAB2-CB57-45D4-B154-F15365E12BD8}catalog', 0),
(1, '{0C0FFAB2-CB57-45D4-B154-F15365E12BD8}catalog_p', 111),
(1, '{0C0FFAB2-CB57-45D4-B154-F15365E12BD8}catalog_s', 111),
(1, '{0C0FFAB2-CB57-45D4-B154-F15365E12BD8}category', 0),
(1, '{0C0FFAB2-CB57-45D4-B154-F15365E12BD8}color', 0),
(1, '{0C0FFAB2-CB57-45D4-B154-F15365E12BD8}content', 0),
(1, '{0C0FFAB2-CB57-45D4-B154-F15365E12BD8}faq', 104),
(1, '{0C0FFAB2-CB57-45D4-B154-F15365E12BD8}gallery', 0),
(1, '{0C0FFAB2-CB57-45D4-B154-F15365E12BD8}home0', 0),
(1, '{0C0FFAB2-CB57-45D4-B154-F15365E12BD8}kassa', 104),
(1, '{0C0FFAB2-CB57-45D4-B154-F15365E12BD8}kassa_service', 0),
(1, '{0C0FFAB2-CB57-45D4-B154-F15365E12BD8}ncateory', 0),
(1, '{0C0FFAB2-CB57-45D4-B154-F15365E12BD8}news', 0),
(1, '{0C0FFAB2-CB57-45D4-B154-F15365E12BD8}orders', 104),
(1, '{0C0FFAB2-CB57-45D4-B154-F15365E12BD8}order_detail', 104),
(1, '{0C0FFAB2-CB57-45D4-B154-F15365E12BD8}parametrs', 0),
(1, '{0C0FFAB2-CB57-45D4-B154-F15365E12BD8}paymethod', 0),
(1, '{0C0FFAB2-CB57-45D4-B154-F15365E12BD8}pcategory', 0),
(1, '{0C0FFAB2-CB57-45D4-B154-F15365E12BD8}products', 111),
(1, '{0C0FFAB2-CB57-45D4-B154-F15365E12BD8}prod_category1', 0),
(1, '{0C0FFAB2-CB57-45D4-B154-F15365E12BD8}prod_category2', 0),
(1, '{0C0FFAB2-CB57-45D4-B154-F15365E12BD8}settings', 0),
(1, '{0C0FFAB2-CB57-45D4-B154-F15365E12BD8}settings1', 0),
(1, '{0C0FFAB2-CB57-45D4-B154-F15365E12BD8}settings2', 0),
(1, '{0C0FFAB2-CB57-45D4-B154-F15365E12BD8}settings3', 0),
(1, '{0C0FFAB2-CB57-45D4-B154-F15365E12BD8}settings4', 0),
(1, '{0C0FFAB2-CB57-45D4-B154-F15365E12BD8}settings5', 0),
(1, '{0C0FFAB2-CB57-45D4-B154-F15365E12BD8}shipping', 0),
(1, '{0C0FFAB2-CB57-45D4-B154-F15365E12BD8}size', 0),
(1, '{0C0FFAB2-CB57-45D4-B154-F15365E12BD8}slider', 0),
(1, '{0C0FFAB2-CB57-45D4-B154-F15365E12BD8}sparam', 0),
(1, '{0C0FFAB2-CB57-45D4-B154-F15365E12BD8}tags', 0),
(1, '{0C0FFAB2-CB57-45D4-B154-F15365E12BD8}userlevelpermissions', 0),
(1, '{0C0FFAB2-CB57-45D4-B154-F15365E12BD8}userlevels', 0),
(1, '{0C0FFAB2-CB57-45D4-B154-F15365E12BD8}widgets', 0),
(2, '{0C0FFAB2-CB57-45D4-B154-F15365E12BD8}account', 0),
(2, '{0C0FFAB2-CB57-45D4-B154-F15365E12BD8}account_bayer', 0),
(2, '{0C0FFAB2-CB57-45D4-B154-F15365E12BD8}account_client', 0),
(2, '{0C0FFAB2-CB57-45D4-B154-F15365E12BD8}account_cmanager', 0),
(2, '{0C0FFAB2-CB57-45D4-B154-F15365E12BD8}account_coordinator', 0),
(2, '{0C0FFAB2-CB57-45D4-B154-F15365E12BD8}account_manager', 0),
(2, '{0C0FFAB2-CB57-45D4-B154-F15365E12BD8}account_shipping', 108),
(2, '{0C0FFAB2-CB57-45D4-B154-F15365E12BD8}articles', 0),
(2, '{0C0FFAB2-CB57-45D4-B154-F15365E12BD8}audittrail_shop', 0),
(2, '{0C0FFAB2-CB57-45D4-B154-F15365E12BD8}banner', 0),
(2, '{0C0FFAB2-CB57-45D4-B154-F15365E12BD8}catalog', 0),
(2, '{0C0FFAB2-CB57-45D4-B154-F15365E12BD8}catalog_p', 0),
(2, '{0C0FFAB2-CB57-45D4-B154-F15365E12BD8}catalog_s', 0),
(2, '{0C0FFAB2-CB57-45D4-B154-F15365E12BD8}category', 0),
(2, '{0C0FFAB2-CB57-45D4-B154-F15365E12BD8}color', 0),
(2, '{0C0FFAB2-CB57-45D4-B154-F15365E12BD8}content', 0),
(2, '{0C0FFAB2-CB57-45D4-B154-F15365E12BD8}faq', 104),
(2, '{0C0FFAB2-CB57-45D4-B154-F15365E12BD8}gallery', 0),
(2, '{0C0FFAB2-CB57-45D4-B154-F15365E12BD8}home0', 0),
(2, '{0C0FFAB2-CB57-45D4-B154-F15365E12BD8}kassa', 104),
(2, '{0C0FFAB2-CB57-45D4-B154-F15365E12BD8}kassa_service', 0),
(2, '{0C0FFAB2-CB57-45D4-B154-F15365E12BD8}ncateory', 0),
(2, '{0C0FFAB2-CB57-45D4-B154-F15365E12BD8}news', 0),
(2, '{0C0FFAB2-CB57-45D4-B154-F15365E12BD8}orders', 104),
(2, '{0C0FFAB2-CB57-45D4-B154-F15365E12BD8}order_detail', 0),
(2, '{0C0FFAB2-CB57-45D4-B154-F15365E12BD8}parametrs', 0),
(2, '{0C0FFAB2-CB57-45D4-B154-F15365E12BD8}paymethod', 0),
(2, '{0C0FFAB2-CB57-45D4-B154-F15365E12BD8}pcategory', 0),
(2, '{0C0FFAB2-CB57-45D4-B154-F15365E12BD8}products', 0),
(2, '{0C0FFAB2-CB57-45D4-B154-F15365E12BD8}prod_category1', 0),
(2, '{0C0FFAB2-CB57-45D4-B154-F15365E12BD8}prod_category2', 0),
(2, '{0C0FFAB2-CB57-45D4-B154-F15365E12BD8}settings', 0),
(2, '{0C0FFAB2-CB57-45D4-B154-F15365E12BD8}settings1', 0),
(2, '{0C0FFAB2-CB57-45D4-B154-F15365E12BD8}settings2', 0),
(2, '{0C0FFAB2-CB57-45D4-B154-F15365E12BD8}settings3', 0),
(2, '{0C0FFAB2-CB57-45D4-B154-F15365E12BD8}settings4', 0),
(2, '{0C0FFAB2-CB57-45D4-B154-F15365E12BD8}settings5', 0),
(2, '{0C0FFAB2-CB57-45D4-B154-F15365E12BD8}settings6', 0),
(2, '{0C0FFAB2-CB57-45D4-B154-F15365E12BD8}shipping', 108),
(2, '{0C0FFAB2-CB57-45D4-B154-F15365E12BD8}size', 0),
(2, '{0C0FFAB2-CB57-45D4-B154-F15365E12BD8}slider', 0),
(2, '{0C0FFAB2-CB57-45D4-B154-F15365E12BD8}sparam', 0),
(2, '{0C0FFAB2-CB57-45D4-B154-F15365E12BD8}tags', 0),
(2, '{0C0FFAB2-CB57-45D4-B154-F15365E12BD8}userlevelpermissions', 0),
(2, '{0C0FFAB2-CB57-45D4-B154-F15365E12BD8}userlevels', 0),
(2, '{0C0FFAB2-CB57-45D4-B154-F15365E12BD8}widgets', 0),
(3, '{0C0FFAB2-CB57-45D4-B154-F15365E12BD8}account', 0),
(3, '{0C0FFAB2-CB57-45D4-B154-F15365E12BD8}account_bayer', 104),
(3, '{0C0FFAB2-CB57-45D4-B154-F15365E12BD8}account_client', 0),
(3, '{0C0FFAB2-CB57-45D4-B154-F15365E12BD8}account_cmanager', 0),
(3, '{0C0FFAB2-CB57-45D4-B154-F15365E12BD8}account_coordinator', 0),
(3, '{0C0FFAB2-CB57-45D4-B154-F15365E12BD8}account_manager', 0),
(3, '{0C0FFAB2-CB57-45D4-B154-F15365E12BD8}account_shipping', 0),
(3, '{0C0FFAB2-CB57-45D4-B154-F15365E12BD8}articles', 0),
(3, '{0C0FFAB2-CB57-45D4-B154-F15365E12BD8}audittrail_shop', 0),
(3, '{0C0FFAB2-CB57-45D4-B154-F15365E12BD8}banner', 0),
(3, '{0C0FFAB2-CB57-45D4-B154-F15365E12BD8}catalog', 0),
(3, '{0C0FFAB2-CB57-45D4-B154-F15365E12BD8}catalog_p', 0),
(3, '{0C0FFAB2-CB57-45D4-B154-F15365E12BD8}catalog_s', 0),
(3, '{0C0FFAB2-CB57-45D4-B154-F15365E12BD8}category', 0),
(3, '{0C0FFAB2-CB57-45D4-B154-F15365E12BD8}color', 0),
(3, '{0C0FFAB2-CB57-45D4-B154-F15365E12BD8}content', 0),
(3, '{0C0FFAB2-CB57-45D4-B154-F15365E12BD8}faq', 104),
(3, '{0C0FFAB2-CB57-45D4-B154-F15365E12BD8}gallery', 0),
(3, '{0C0FFAB2-CB57-45D4-B154-F15365E12BD8}home0', 0),
(3, '{0C0FFAB2-CB57-45D4-B154-F15365E12BD8}kassa', 104),
(3, '{0C0FFAB2-CB57-45D4-B154-F15365E12BD8}kassa_service', 0),
(3, '{0C0FFAB2-CB57-45D4-B154-F15365E12BD8}ncateory', 0),
(3, '{0C0FFAB2-CB57-45D4-B154-F15365E12BD8}news', 0),
(3, '{0C0FFAB2-CB57-45D4-B154-F15365E12BD8}orders', 104),
(3, '{0C0FFAB2-CB57-45D4-B154-F15365E12BD8}order_detail', 104),
(3, '{0C0FFAB2-CB57-45D4-B154-F15365E12BD8}parametrs', 0),
(3, '{0C0FFAB2-CB57-45D4-B154-F15365E12BD8}paymethod', 0),
(3, '{0C0FFAB2-CB57-45D4-B154-F15365E12BD8}pcategory', 0),
(3, '{0C0FFAB2-CB57-45D4-B154-F15365E12BD8}products', 0),
(3, '{0C0FFAB2-CB57-45D4-B154-F15365E12BD8}prod_category1', 0),
(3, '{0C0FFAB2-CB57-45D4-B154-F15365E12BD8}prod_category2', 0),
(3, '{0C0FFAB2-CB57-45D4-B154-F15365E12BD8}settings', 0),
(3, '{0C0FFAB2-CB57-45D4-B154-F15365E12BD8}settings1', 0),
(3, '{0C0FFAB2-CB57-45D4-B154-F15365E12BD8}settings2', 0),
(3, '{0C0FFAB2-CB57-45D4-B154-F15365E12BD8}settings3', 0),
(3, '{0C0FFAB2-CB57-45D4-B154-F15365E12BD8}settings4', 0),
(3, '{0C0FFAB2-CB57-45D4-B154-F15365E12BD8}settings5', 0),
(3, '{0C0FFAB2-CB57-45D4-B154-F15365E12BD8}settings6', 0),
(3, '{0C0FFAB2-CB57-45D4-B154-F15365E12BD8}shipping', 0),
(3, '{0C0FFAB2-CB57-45D4-B154-F15365E12BD8}size', 0),
(3, '{0C0FFAB2-CB57-45D4-B154-F15365E12BD8}slider', 0),
(3, '{0C0FFAB2-CB57-45D4-B154-F15365E12BD8}sparam', 0),
(3, '{0C0FFAB2-CB57-45D4-B154-F15365E12BD8}tags', 0),
(3, '{0C0FFAB2-CB57-45D4-B154-F15365E12BD8}userlevelpermissions', 0),
(3, '{0C0FFAB2-CB57-45D4-B154-F15365E12BD8}userlevels', 0),
(3, '{0C0FFAB2-CB57-45D4-B154-F15365E12BD8}widgets', 0),
(5, '{0C0FFAB2-CB57-45D4-B154-F15365E12BD8}account', 0),
(5, '{0C0FFAB2-CB57-45D4-B154-F15365E12BD8}account_bayer', 0),
(5, '{0C0FFAB2-CB57-45D4-B154-F15365E12BD8}account_client', 0),
(5, '{0C0FFAB2-CB57-45D4-B154-F15365E12BD8}account_cmanager', 108),
(5, '{0C0FFAB2-CB57-45D4-B154-F15365E12BD8}account_coordinator', 0),
(5, '{0C0FFAB2-CB57-45D4-B154-F15365E12BD8}account_manager', 0),
(5, '{0C0FFAB2-CB57-45D4-B154-F15365E12BD8}account_shipping', 0),
(5, '{0C0FFAB2-CB57-45D4-B154-F15365E12BD8}articles', 0),
(5, '{0C0FFAB2-CB57-45D4-B154-F15365E12BD8}audittrail_shop', 0),
(5, '{0C0FFAB2-CB57-45D4-B154-F15365E12BD8}banner', 111),
(5, '{0C0FFAB2-CB57-45D4-B154-F15365E12BD8}catalog', 0),
(5, '{0C0FFAB2-CB57-45D4-B154-F15365E12BD8}catalog_p', 111),
(5, '{0C0FFAB2-CB57-45D4-B154-F15365E12BD8}catalog_s', 111),
(5, '{0C0FFAB2-CB57-45D4-B154-F15365E12BD8}category', 0),
(5, '{0C0FFAB2-CB57-45D4-B154-F15365E12BD8}color', 109),
(5, '{0C0FFAB2-CB57-45D4-B154-F15365E12BD8}content', 0),
(5, '{0C0FFAB2-CB57-45D4-B154-F15365E12BD8}faq', 109),
(5, '{0C0FFAB2-CB57-45D4-B154-F15365E12BD8}gallery', 0),
(5, '{0C0FFAB2-CB57-45D4-B154-F15365E12BD8}home0', 0),
(5, '{0C0FFAB2-CB57-45D4-B154-F15365E12BD8}kassa', 0),
(5, '{0C0FFAB2-CB57-45D4-B154-F15365E12BD8}kassa_service', 0),
(5, '{0C0FFAB2-CB57-45D4-B154-F15365E12BD8}ncateory', 0),
(5, '{0C0FFAB2-CB57-45D4-B154-F15365E12BD8}news', 0),
(5, '{0C0FFAB2-CB57-45D4-B154-F15365E12BD8}orders', 0),
(5, '{0C0FFAB2-CB57-45D4-B154-F15365E12BD8}order_detail', 0),
(5, '{0C0FFAB2-CB57-45D4-B154-F15365E12BD8}parametrs', 111),
(5, '{0C0FFAB2-CB57-45D4-B154-F15365E12BD8}paymethod', 111),
(5, '{0C0FFAB2-CB57-45D4-B154-F15365E12BD8}pcategory', 0),
(5, '{0C0FFAB2-CB57-45D4-B154-F15365E12BD8}products', 109),
(5, '{0C0FFAB2-CB57-45D4-B154-F15365E12BD8}products_lock', 108),
(5, '{0C0FFAB2-CB57-45D4-B154-F15365E12BD8}prod_category1', 111),
(5, '{0C0FFAB2-CB57-45D4-B154-F15365E12BD8}prod_category2', 111),
(5, '{0C0FFAB2-CB57-45D4-B154-F15365E12BD8}settings', 0),
(5, '{0C0FFAB2-CB57-45D4-B154-F15365E12BD8}settings1', 0),
(5, '{0C0FFAB2-CB57-45D4-B154-F15365E12BD8}settings2', 0),
(5, '{0C0FFAB2-CB57-45D4-B154-F15365E12BD8}settings3', 0),
(5, '{0C0FFAB2-CB57-45D4-B154-F15365E12BD8}settings4', 0),
(5, '{0C0FFAB2-CB57-45D4-B154-F15365E12BD8}settings5', 0),
(5, '{0C0FFAB2-CB57-45D4-B154-F15365E12BD8}settings6', 0),
(5, '{0C0FFAB2-CB57-45D4-B154-F15365E12BD8}shipping', 0),
(5, '{0C0FFAB2-CB57-45D4-B154-F15365E12BD8}size', 109),
(5, '{0C0FFAB2-CB57-45D4-B154-F15365E12BD8}slider', 111),
(5, '{0C0FFAB2-CB57-45D4-B154-F15365E12BD8}sparam', 0),
(5, '{0C0FFAB2-CB57-45D4-B154-F15365E12BD8}structure', 0),
(5, '{0C0FFAB2-CB57-45D4-B154-F15365E12BD8}tags', 109),
(5, '{0C0FFAB2-CB57-45D4-B154-F15365E12BD8}userlevelpermissions', 0),
(5, '{0C0FFAB2-CB57-45D4-B154-F15365E12BD8}userlevels', 0),
(5, '{0C0FFAB2-CB57-45D4-B154-F15365E12BD8}widgets', 0),
(6, '{0C0FFAB2-CB57-45D4-B154-F15365E12BD8}account', 111),
(6, '{0C0FFAB2-CB57-45D4-B154-F15365E12BD8}account_bayer', 111),
(6, '{0C0FFAB2-CB57-45D4-B154-F15365E12BD8}account_client', 111),
(6, '{0C0FFAB2-CB57-45D4-B154-F15365E12BD8}account_cmanager', 111),
(6, '{0C0FFAB2-CB57-45D4-B154-F15365E12BD8}account_coordinator', 111),
(6, '{0C0FFAB2-CB57-45D4-B154-F15365E12BD8}account_manager', 111),
(6, '{0C0FFAB2-CB57-45D4-B154-F15365E12BD8}account_shipping', 111),
(6, '{0C0FFAB2-CB57-45D4-B154-F15365E12BD8}articles', 111),
(6, '{0C0FFAB2-CB57-45D4-B154-F15365E12BD8}audittrail_shop', 111),
(6, '{0C0FFAB2-CB57-45D4-B154-F15365E12BD8}banner', 111),
(6, '{0C0FFAB2-CB57-45D4-B154-F15365E12BD8}catalog', 111),
(6, '{0C0FFAB2-CB57-45D4-B154-F15365E12BD8}catalog_p', 111),
(6, '{0C0FFAB2-CB57-45D4-B154-F15365E12BD8}catalog_s', 111),
(6, '{0C0FFAB2-CB57-45D4-B154-F15365E12BD8}category', 111),
(6, '{0C0FFAB2-CB57-45D4-B154-F15365E12BD8}color', 111),
(6, '{0C0FFAB2-CB57-45D4-B154-F15365E12BD8}content', 111),
(6, '{0C0FFAB2-CB57-45D4-B154-F15365E12BD8}faq', 111),
(6, '{0C0FFAB2-CB57-45D4-B154-F15365E12BD8}gallery', 111),
(6, '{0C0FFAB2-CB57-45D4-B154-F15365E12BD8}home0', 111),
(6, '{0C0FFAB2-CB57-45D4-B154-F15365E12BD8}kassa', 111),
(6, '{0C0FFAB2-CB57-45D4-B154-F15365E12BD8}kassa_service', 111),
(6, '{0C0FFAB2-CB57-45D4-B154-F15365E12BD8}ncateory', 111),
(6, '{0C0FFAB2-CB57-45D4-B154-F15365E12BD8}news', 111),
(6, '{0C0FFAB2-CB57-45D4-B154-F15365E12BD8}orders', 111),
(6, '{0C0FFAB2-CB57-45D4-B154-F15365E12BD8}order_detail', 111),
(6, '{0C0FFAB2-CB57-45D4-B154-F15365E12BD8}parametrs', 111),
(6, '{0C0FFAB2-CB57-45D4-B154-F15365E12BD8}paymethod', 111),
(6, '{0C0FFAB2-CB57-45D4-B154-F15365E12BD8}pcategory', 111),
(6, '{0C0FFAB2-CB57-45D4-B154-F15365E12BD8}products', 111),
(6, '{0C0FFAB2-CB57-45D4-B154-F15365E12BD8}products_lock', 108),
(6, '{0C0FFAB2-CB57-45D4-B154-F15365E12BD8}prod_category1', 111),
(6, '{0C0FFAB2-CB57-45D4-B154-F15365E12BD8}prod_category2', 111),
(6, '{0C0FFAB2-CB57-45D4-B154-F15365E12BD8}settings', 111),
(6, '{0C0FFAB2-CB57-45D4-B154-F15365E12BD8}settings1', 111),
(6, '{0C0FFAB2-CB57-45D4-B154-F15365E12BD8}settings2', 111),
(6, '{0C0FFAB2-CB57-45D4-B154-F15365E12BD8}settings3', 111),
(6, '{0C0FFAB2-CB57-45D4-B154-F15365E12BD8}settings4', 111),
(6, '{0C0FFAB2-CB57-45D4-B154-F15365E12BD8}settings5', 111),
(6, '{0C0FFAB2-CB57-45D4-B154-F15365E12BD8}settings6', 111),
(6, '{0C0FFAB2-CB57-45D4-B154-F15365E12BD8}shipping', 111),
(6, '{0C0FFAB2-CB57-45D4-B154-F15365E12BD8}size', 111),
(6, '{0C0FFAB2-CB57-45D4-B154-F15365E12BD8}slider', 111),
(6, '{0C0FFAB2-CB57-45D4-B154-F15365E12BD8}sparam', 111),
(6, '{0C0FFAB2-CB57-45D4-B154-F15365E12BD8}structure', 111),
(6, '{0C0FFAB2-CB57-45D4-B154-F15365E12BD8}tags', 111),
(6, '{0C0FFAB2-CB57-45D4-B154-F15365E12BD8}userlevelpermissions', 111),
(6, '{0C0FFAB2-CB57-45D4-B154-F15365E12BD8}userlevels', 111),
(6, '{0C0FFAB2-CB57-45D4-B154-F15365E12BD8}widgets', 111);

-- 
-- Вывод данных для таблицы tags
--
INSERT INTO tags VALUES
(121, 'платья киргизия оптом, летние платья киргизия', 62, 84),
(122, 'платья киргизия оптом от производителя', 62, 84),
(123, 'платья детские киргизия оптом', 73, 119),
(124, 'купить платье киргизия опт', 62, 84),
(125, 'спортивные костюмы женские модные оптом', 62, 118),
(126, 'купить детские спортивные костюмы оптом', 73, 119),
(127, 'детские платья киргизия оптом от производителя', 73, 119),
(128, 'спортивные костюмы оптом цены', 62, 118),
(129, 'светланка мода опт платья детские киргизия', 73, 119),
(130, 'купить спортивные костюмы оптом от производителя', 62, 118),
(131, 'женские платья киргизия оптом', 62, 84),
(132, 'платья лето 2019 опт киргизия', 62, 84),
(133, 'вечерние платья оптом киргизия', 62, 84),
(134, 'платья оптом киргизия бишкек', 62, 84),
(135, 'платье производство киргизия оптом', 62, 84),
(136, 'платье производство киргизия купить оптом', 62, 84),
(137, 'платья оптом киргизия дешево', 62, 84),
(138, 'оптом платья из киргизии от фабрики', 62, 84),
(139, 'платья винтаж пр киргизия оптом от производителя', 62, 84),
(140, 'купить женские спортивные костюмы больших размеров', 71, 128),
(141, 'платье детские киргизия оптом купить', 73, 119),
(142, 'купить оптом спортивный костюм дешево', 62, 118),
(143, 'киргизия платья оптом софико', 62, 84),
(144, 'модные спортивные костюмы оптом', 62, 100),
(145, 'мусульманские платья оптом из киргизии от произв', 62, 84),
(146, 'детские спортивные костюмы оптом', 73, 119),
(147, 'оптом платья из киргизии от фабрики сабрина', 62, 84),
(148, 'детские нарядные платья оптом из киргизии', 73, 119),
(149, 'свадебные платья оптом киргизия', 62, 84),
(150, 'киргизия опт от производителя платья блузы шарлиз', 62, 84),
(151, 'купить спортивные костюмы оптом', 62, 100),
(152, 'одежда оптом из киргизии', 62, 84),
(153, 'одежда киргизия опт большие размеры', 62, 82),
(154, 'спортивные костюмы оптом от производителя', 62, 100),
(155, 'женские спортивные костюмы оптом', 62, 100),
(156, 'одежда киргизия опт большие размеры', 62, 82),
(157, 'спортивные костюмы оптом', 62, 100),
(158, 'анфиса одежда больших размеров из киргизии оптом', 62, 82),
(159, 'женская одежда оптом из киргизии', 62, 82),
(160, 'одежда из киргизии оптом от производителя', 62, 94),
(161, 'женские одежда большого размера киргизия оптом', 62, 94),
(162, 'купить спортивный костюм женский оптом', 62, 100),
(163, 'детская одежда оптом киргизия', 73, 119),
(164, 'спортивные костюмы больших размеров оптом', 71, 128),
(165, 'милаславна женская одежда оптом из киргизии', 62, 113),
(166, 'женские спортивные костюмы оптом от производителя', 62, 100),
(167, 'кг март киргизия одежда оптом', 62, 83),
(168, 'детские спортивные костюмы оптом', 73, 119),
(169, 'кг опт киргизия одежда оптом', 62, 88),
(170, 'женские спортивные костюмы оптом', 62, 100),
(171, 'спортивные костюмы оптом', 62, 100),
(172, 'киргизия одежда оптом бишкек', 62, 77),
(173, 'детская одежда киргизия оптом от производителя', 62, 77),
(174, 'женская одежда опт от производителя из киргизии', 62, 77),
(175, 'купить одежду оптом киргизия', 62, 77),
(176, 'детская одежда из киргизии оптов', 73, 120),
(177, 'одежда kg из киргизии оптом', 62, 118),
(178, 'одежда оптом без рядов киргизия', 62, 87),
(179, 'дешевая одежда оптом киргизия', 62, 87),
(180, 'одежда киргизия оптом без посредников', 62, 110),
(181, 'одежда кг из киргизии оптом', 62, 88),
(182, 'одежда из киргизии в москве оптом', 62, 108),
(183, 'одежда оптом из киргизии бишкека все производители', 62, 110),
(184, 'магазины одежды киргизия опт', 62, 104),
(185, 'блузки оптом', 62, 89),
(186, 'миледи киргизия одежда оптом', 62, 90),
(187, 'блузки оптом от производителя', 62, 89),
(188, 'техноткань одежда из киргизии оптом', 62, 94),
(189, 'женские блузки оптом', 62, 89),
(190, 'одежда оптом из киргизии от производителя дешево', 62, 127),
(191, 'купить блузки оптом', 62, 89),
(192, 'блузки бишкек оптом', 62, 89),
(193, 'одежда оптом фабрика киргизии', 62, 114),
(194, 'платья блузки оптом', 62, 89),
(195, 'оптом киргизия молодежная женская одежда', 62, 82),
(196, 'купить оптом женские блузки', 62, 89),
(197, 'школьные блузки оптом', 73, 119),
(198, 'женская одежда больших размеров оптом бишкек кирги', 62, 84),
(199, 'одежда из киргизии оптом от производителя технот', 62, 77),
(200, 'одежда для беременных киргизия оптом', 62, 92),
(201, 'большие блузки оптом', 62, 89),
(202, 'киргизия мусульманская одежда оптом', 62, 127),
(203, 'красивые блузки оптом', 62, 89),
(204, 'блузка рубашка оптом', 62, 77),
(205, 'детская одежда производство киргизия оптом', 62, 80),
(206, 'блузки оптом большие размеры', 62, 89),
(207, 'одежда оптом кыргызстан', 62, 80),
(208, 'белые блузки оптом', 73, 119),
(209, 'блузки рубашки женские оптом', 62, 77),
(210, 'женская одежда оптом кыргызстан', 62, 87),
(211, 'детские блузки оптом', 73, 119),
(212, 'пошив женской одежды оптом кыргызстан', 62, 87),
(213, 'блузки оптом недорого', 62, 89),
(214, 'кыргызстан бишкек женская одежда оптом', 62, 81),
(215, 'летние блузки оптом', 62, 89),
(216, 'детские одежды оптом из кыргызстана', 62, 80),
(217, 'детские одежды оптом из кыргызстана', 62, 126),
(218, 'рубашки оптом от производителя', 62, 77),
(219, 'рубашки оптом кыргызстан', 62, 77),
(220, 'кыргызстан бишкек женская одежда оптом', 62, 84),
(222, 'детские рубашки оптом', 73, 119),
(223, 'кыргызстан женская одежда оптом г бишкек', 62, 89),
(224, 'женские рубашки оптом от производителя', 62, 77),
(225, 'рубашки оптом дешево', 62, 77),
(226, 'купить одежду оптом из кыргызстана', 62, 118),
(227, 'блузка рубашка оптом', 62, 89),
(228, 'кыргызстан одежда оптом кз интернет магазин', 62, 92),
(229, 'кыргызстан детская одежда оптом от производителя', 62, 87),
(230, 'пошив женской одежды оптом кыргызстан', 62, 77),
(231, 'детские рубашки оптом от производителя', 73, 119),
(232, 'интернет магазин одежды оптом кыргызстан', 62, 84),
(233, 'белые женские рубашки оптом', 62, 77),
(234, 'одежда из кыргызстана оптом от производителя', 62, 127),
(235, 'платья киргизия оптом, платья оптом недорого', 62, 84),
(236, 'платья больших опт, платья оптом от производителя', 62, 84),
(237, 'купить платья оптомплатье опт', 62, 84),
(238, 'одежда оптовая дешевая, оптовая одежда купить', 62, 84),
(239, 'купить женскую одежду оптом, женская одежда размер', 62, 84),
(240, 'женская одежда оптом от производителя', 62, 89),
(241, 'одежда из киргизии оптом, купить блузки оптом', 62, 89),
(242, 'одежда оптом, детская одежда оптом', 73, 119),
(243, 'одежда оптом от производителя, женский одежда опт', 62, 84),
(244, 'одежда киргизия оптом от производителя официальны', 62, 77),
(245, 'одежда по оптовым ценам от производителя', 62, 93),
(246, 'одежда из кыргызстана оптом от производителя', 62, 84),
(247, 'детская одежда по оптовым ценам официальный сайт', 73, 119),
(248, 'одежда по оптовым ценам от производителя', 62, 84),
(249, 'кыргызстан детская одежда оптом от производителя', 62, 84),
(250, 'женская одежда оптом кыргызстан', 62, 84),
(251, 'дешевая одежда оптом киргизия', 62, 113),
(252, 'одежда оптом кыргызстан', 62, 81),
(253, 'одежда из киргизии оптом, одежда оптом', 62, 88),
(254, 'кыргызстан одежда оптом кз интернет магазин', 62, 84),
(255, 'купить одежду оптом из кыргызстана', 62, 84),
(256, 'женская одежда оптом  производителя, трикотаж опт', 62, 89),
(257, 'детская одежда оптом от производителя', 73, 119),
(258, 'одежда оптом киргизия от производителя', 62, 89),
(259, 'кыргызстан женская одежда оптом г бишкек', 62, 126),
(260, 'купить одежду оптом от производителя', 62, 84),
(261, 'платья производство киргизия', 62, 84),
(262, 'детская одежда производство киргизия оптом', 73, 119),
(263, 'купить платье производство киргизия', 62, 88),
(264, 'платье производство киргизия розница', 62, 88),
(265, 'одежда оптом из киргизии без линеек', 62, 89),
(266, 'платья производство киргизия купить  розницу', 62, 89),
(267, 'sofico платье производство киргизия', 62, 87),
(268, 'платья больших размеров производство киргизия', 62, 87),
(270, 'платье производство киргизия оптом', 62, 77),
(272, 'одежда оптом из киргизии, киргизия одежда оптом', 62, 92),
(273, 'детская одежда оптом киргизия, детская одежда из к', 73, 119),
(274, 'киргизия опт платье', 62, 84),
(275, 'одежда оптом из киргизии от производителя дешево', 62, 92),
(276, 'одежда из киргизии оптом от производителя', 62, 87),
(277, 'одежда больших размеров из киргизии оптом', 62, 92),
(278, 'женская одежда оптом из киргизии', 62, 88),
(279, 'одежда из киргизии оптом от производителя', 62, 93),
(280, 'купить блузки оптом киргизия от производителя', 62, 89),
(281, 'детские платья производство киргизии', 62, 84),
(282, 'платья производства киргизия бишкек оптом', 62, 84),
(283, 'женская одежда оптом из киргизии', 62, 105),
(284, 'нфиса одежда больших размеров из киргизии оптом', 62, 86),
(285, 'одежда из киргизии оптом от производителя', 62, 84),
(286, 'женские одежда большого размера киргизия оптом', 62, 94),
(287, 'милаславна женская одежда оптом из киргизии', 62, 114),
(288, 'кгмарт одежда оптом из киргизии', 62, 86),
(289, 'киргизия одежда оптом бишкек', 62, 84),
(290, 'анфиса женская одежда оптом из киргизии', 62, 94),
(291, 'женской одежды больших размеров оптом киргизия', 71, 124),
(293, 'детская одежда из киргизии оптом', 73, 119),
(294, 'детские блузки оптом', 73, 119),
(295, 'детская одежда киргизия оптом от производителя', 73, 119),
(296, 'женская одежда опт от производителя из киргизии', 62, 87),
(297, 'женская одежда оптом из киргизии', 62, 102),
(299, 'толстовки оптом, купить толстовки оптом', 62, 95),
(300, 'купить блузки оптом, блузки опт киргизия', 62, 89),
(301, 'детская одежда опт киргизия от производителя', 73, 119),
(302, 'купить одежду платья оптом бишкек', 62, 84),
(303, 'детская нарядная одежда оптом бишкек', 73, 119),
(304, 'женская одежда оптом из киргизии от производител', 62, 84),
(305, 'кыргызстан женская одежда оптом г бишкек', 62, 118),
(306, 'женская одежда больших размеров оптом бишкек кирги', 71, 128),
(307, 'мусульманская одежда бишкек оптом от производител', 62, 118),
(308, 'детская одежда киргизия оптом от производителя', 62, 84),
(309, 'бишкек фабрики одежды от производителя оптом деше', 62, 93),
(310, 'купить оптом женскую одежду в бишкеке', 62, 126),
(311, 'купить оптом бишкек одежда, брюки кыргызстан оптом', 62, 110),
(312, 'одежда kg из киргизии оптом', 62, 94),
(313, 'кыргызстан бишкек женская одежда оптом', 62, 92),
(314, 'купить одежду оптом киргизия', 62, 94),
(315, 'кыргызстан детская одежда оптом от производителя', 73, 119),
(316, 'бишкек кыргызстан оптом', 62, 127),
(318, 'купить одежду оптом киргизия', 62, 90),
(319, 'детские одежды оптом из кыргызстана', 73, 119),
(320, 'кыргызстан одежда оптом от производителя', 62, 95),
(321, 'kg shop одежда оптом из киргизии', 62, 94),
(322, 'женская одежда оптом кыргызстан', 62, 113),
(323, 'кыргызстан оптом от производителя', 62, 108),
(324, 'одежда киргизия оптом без посредников', 62, 89),
(325, 'киргизия одежда оптом дешево', 62, 88),
(326, 'кыргызстане оптом платье', 62, 84),
(327, 'одежда оптом из киргизии бишкека все производите', 62, 86),
(329, 'одежда кг из киргизии оптом', 62, 87),
(330, 'одежда оптом без рядов киргизия', 62, 84),
(331, 'женская одежда оптом кыргызстан, опт кыргызстан', 62, 92),
(332, 'одежда оптом киргизия интернет магазин', 62, 88),
(333, 'кыргызстане оптом платье, одежда оптом кыргызстан', 62, 84),
(334, 'кыргызстан бишкек женская одежда оптом', 62, 109),
(335, 'купить детский трикотаж оптом от производителя', 73, 119),
(336, 'одежда оптом киргизия интернет магазин', 62, 88),
(337, 'детский трикотаж мелкий опт, трикотаж оптом кыргыз', 73, 119),
(338, 'производство одежды киргизия оптом', 62, 127),
(339, 'опт кыргызстан, одежда оптом кыргызстан', 62, 84),
(340, 'техноткань одежда из киргизии оптом', 62, 127),
(341, 'платья купить оптом  киргизия', 62, 93),
(342, 'одежда оптом из киргизии интернет', 62, 92),
(343, 'детские платья кыргызстан оптом', 73, 119),
(344, 'одежда из киргизии в москве оптом', 62, 87),
(345, 'нижнее белье оптом кыргызстан', 62, 85),
(346, 'кыргызстан женская одежда оптом г бишкек', 62, 88),
(347, 'одежда оптом из киргизии от производителя дешево', 62, 87),
(348, 'платья оптом из кыргызстана от производителя', 62, 84),
(349, 'софико одежда из киргизии оптом', 62, 88),
(350, 'оптом киргизия молодежная женская одежда', 62, 97),
(351, 'кыргызстан куртки от производителя купить оптом', 62, 108),
(352, 'купить одежду оптом из кыргызстана', 62, 118),
(353, 'одежда из киргизии оптом молодежные', 62, 87),
(354, 'платья оптом из кыргызстана от производителя', 62, 84),
(355, 'одежда оптом киргизия официальный сайт', 62, 87),
(356, 'платья кыргызстан оптом, платья опт', 62, 84),
(357, 'интернет магазины женской одежды из киргизии опто', 62, 88),
(358, 'выпускные платья 2019 года оптом производства кырг', 62, 84),
(359, 'купить спортивные костюмы оптом от производителя', 62, 100),
(360, 'женские спортивные костюмы больших размеров оптом', 71, 128),
(361, 'киргизия мусульманская одежда оптом', 62, 86),
(362, 'купить детские спортивные костюмы оптом', 73, 119),
(363, 'школьный костюм оптом', 73, 119),
(364, 'купить оптом спортивный костюм дешево', 62, 83),
(365, 'одежда оптом фабрика киргизии', 62, 87),
(367, 'спортивный костюм купить оптом', 62, 100),
(368, 'одежда из киргизии оптом от производителя технот', 62, 87),
(369, 'детские спортивные костюмы оптом от производителя', 73, 119),
(370, 'спортивные костюмы оптом от производителя недорог', 62, 83),
(371, 'одежда из киргизии оптом от производителя технот', 62, 87),
(372, 'одежда оптом из киргизии бишкека все производите', 62, 83),
(373, 'гука джали женская одежда оптом из киргизии', 62, 84),
(374, 'купить платья оптом, купить детские платья оптом', 73, 119),
(375, 'купить платья оптом от производителя', 62, 84),
(376, 'киргизия рынок одежды дордой опт инстаграм', 62, 87),
(377, 'купить оптом платья киргизия, купить платья оптом', 62, 84),
(378, 'одежда для беременных киргизия оптом', 62, 84),
(379, 'kg mart одежда опт киргизия', 62, 87),
(380, 'женские платья оптом, купить нарядное платье', 62, 84),
(381, 'selya одежда киргизия оптом', 62, 84),
(382, 'гука жали одежда оптом киргизия', 62, 84),
(383, 'одежда из киргизии мелким оптом', 62, 87),
(384, 'платья купить оптом кыргызстан', 62, 84),
(385, 'детская одежда производство киргизия оптом', 73, 120),
(386, 'брюки кыргызстан оптом, кыргызстан вещи оптом', 62, 110),
(387, 'одежда из киргизии в розницу', 62, 84),
(388, 'одежда из киргизии в розницу интернет', 62, 86),
(389, 'магазин одежды из киргизии в розницу', 62, 87),
(390, 'джинсы купить оптом, джинсы оптом киргизия', 62, 126),
(391, 'одежда из киргизии в розницу интернет магазин', 62, 88),
(392, 'купить женские джинсы оптом, купить джинсы оптом', 62, 126),
(393, 'одежда киргизия интернет магазин розница дешево', 62, 86),
(394, 'купить джинсы детские опт, купить джинсы оптом', 73, 119),
(395, 'дешевая одежда в розницу из киргизии', 62, 87),
(396, 'техноткань одежда из киргизии в розницу', 62, 88),
(397, 'техноткань одежда из киргизии в розницу интернет', 62, 87),
(398, 'женская одежда киргизия розница', 62, 88),
(399, 'женская одежда оптом киргизия производитель', 62, 84),
(400, 'женская одежда киргизия интернет магазин розница', 62, 87),
(401, 'женская одежда большие размеры оптом от производи', 71, 128),
(402, 'одежда оптом недорого от производителя', 62, 89),
(403, 'одежда больших размеров киргизия розница', 62, 87),
(404, 'детская одежда оптом от производителя', 73, 119),
(405, 'купить одежду киргизия розница', 62, 126),
(406, 'детская одежда оптом от производителя киргизия', 62, 84),
(407, 'киргизия одежда от производителя в розницу', 62, 87),
(408, 'толстовки оптом недорого', 62, 95),
(409, 'одежда из киргизии в розницу в москве', 62, 114),
(410, 'толстовки оптом от производителей', 62, 95),
(411, 'женская одежда оптом женская одежда оптом от произ', 62, 84),
(412, 'одежда производства киргизия розница', 62, 126),
(413, 'женская одежда большие размеры оптом от производит', 62, 84),
(414, 'одежда оптом недорого от производителя', 62, 77),
(415, 'каталог одежды из киргизии  розницу', 62, 87),
(416, 'детская одежда опт рядами от производителя', 62, 95),
(417, 'детская одежда киргизия оптом от производителя', 62, 84),
(418, 'одежда детская киргизия розница', 62, 94),
(419, 'детская одежда оптом киргизия', 73, 119),
(420, 'одежда производства киргизии в бишкеке оптом', 62, 88),
(421, 'детские ветровки оптом, детская одежда из киргизии', 73, 119),
(422, 'киргизия производитель одежда женская в розницу', 62, 87),
(423, 'нарядные платья киргизия оптом', 62, 84),
(424, 'одежда оптом из киргизии, киргизия оптом', 62, 112),
(425, 'киргизия мусульманская одежда оптом', 62, 118),
(426, 'платья киргизия оптом, платья из киргизии', 62, 84),
(427, 'блузки оптом киргизия, женские блузки оптом', 62, 89),
(428, 'блузки оптом, блузки оптом от производителя', 62, 89),
(429, 'киргизия интернет магазин одежды розница мария', 62, 84),
(430, 'платья больших размеров киргизия', 62, 84),
(432, 'милаславна женская одежда в розницу из киргизии', 62, 84),
(433, 'одежда из киргизии в новосибирске в розницу', 62, 84),
(434, 'одежда из киргизии в новосибирске в розницу', 62, 84),
(435, 'киргизия мусульманская одежда оптом', 62, 118),
(436, 'одежда из киргизии фабрика в розницу', 62, 94),
(437, 'киргизия оптодежда опт', 62, 112),
(438, 'одежда kg из киргизии в розницу', 62, 87),
(439, 'tehnotkan com одежда в розницу из киргизии', 62, 87),
(440, 'детский опт одежда киргизия, детская одежда оптом', 73, 119),
(441, 'детская одежда оптом киргизия', 73, 119),
(442, 'киргизия оптом', 62, 84),
(443, 'одежда оптом из киргизии', 62, 87),
(444, 'белые блузки оптом киргизия', 62, 89),
(445, 'киргизия опт от производителя', 62, 87),
(446, 'женская одежда больших размеров оптом бишкек', 71, 129),
(447, 'одежда из киргизии оптом от производителя технотка', 62, 112),
(448, 'одежда для беременных киргизия оптом', 62, 118),
(449, 'купить платье большого размера оптом киргизия', 71, 130),
(450, 'платья киргизия оптом', 62, 84),
(451, 'одежда оптом из киргизии бишкека все производители', 62, 112),
(452, 'большие размеры опт киргизия', 62, 84),
(453, 'дешевая одежда оптом киргизия', 62, 112),
(454, 'производство одежды киргизия оптом', 62, 112),
(455, 'одежда больших размеров киргизия оптом', 62, 84),
(456, 'одежда оптом фабрика киргизии', 62, 112),
(457, 'мусульманские платья киргизия', 62, 84),
(458, 'анфиса опт киргизия', 62, 84),
(459, 'брюки киргизия оптом, брюки оптом женские киргизия', 62, 110),
(460, 'анфиса одежда из киргизии оптом', 62, 84),
(461, 'большие размеры опт киргизия блузки', 62, 89),
(462, 'анфиса одежда больших размеров из киргизии оптом', 62, 84),
(463, 'женская одежда оптомиз киргизии', 62, 84),
(464, 'одежда оптом из киргизии', 62, 112),
(465, 'одежда из киргизии оптом от производителя', 62, 84),
(466, 'одежда из киргизии оптом от производителя', 62, 112),
(467, 'одежда больших размеров опт киргизия', 62, 112),
(468, 'женская одежда оптом из киргизии', 62, 112),
(469, 'одежда из киргизии оптом от производителя', 62, 112),
(470, 'детская одежда оптом киргизия', 73, 119),
(471, 'женской одежды больших размеров оптом киргизия', 71, 129),
(472, 'киргизия одежда оптом бишкек', 62, 112),
(473, 'купить оптом киргизия', 62, 84),
(474, 'женская одежда опт от производителя из киргизии', 62, 112),
(475, 'детская одежда киргизия оптом от производителя', 73, 119),
(476, 'дешевая одежда оптом киргизия', 62, 112),
(477, 'платья киргизия оптом от производителя', 62, 84),
(478, 'женские штаны оптом киргизия', 62, 110),
(479, 'детская одежда оптом киргизия', 62, 84),
(480, 'женские блузки киргизия оптом', 62, 89),
(481, 'одежда киргизия, киргизия бишкек, платье опт', 62, 84),
(482, 'купить платье опт, платье киргизия', 62, 84),
(483, 'киргизия опт от производителя, платья киргизия опт', 62, 84),
(484, 'женские одежда большого размера киргизия оптом', 62, 84),
(485, 'одежда из киргизии оптом от производителя', 62, 112),
(486, 'одежда из киргизии оптом от производителя', 62, 112),
(487, 'бишкек опт киргизия', 62, 84),
(488, 'платья киргизия оптом от производителя', 62, 84),
(489, 'милаславна женская одежда оптом из киргизии', 62, 84),
(490, 'детская одежда оптом киргизия', 62, 112),
(491, 'кгмарт одежда оптом из киргизии', 62, 81),
(492, 'женские одежда большого размера киргизия оптом', 62, 118),
(493, 'кг шоп опт киргизия', 62, 84),
(494, 'купить ветровки оптом, бишкек опт киргизия', 62, 112),
(495, 'кг шоп опт киргизия', 62, 84),
(496, 'кг шоп опт киргизия одежда оптом', 62, 84),
(497, 'купить оптом платья киргизия', 62, 112),
(498, 'платья детские киргизия оптом', 62, 84),
(499, 'купить одежду оптом киргизия оптом', 62, 82),
(500, 'опт вещей киргизия', 62, 84),
(501, 'детская одежда из киргизии оптов', 73, 119),
(502, 'анфиса женская одежда оптом из киргизии', 62, 84),
(503, 'киргизия одежда блузки оптом бишкек', 62, 89),
(504, 'киргизия одежда оптом бишкек', 62, 84),
(505, 'киргизия оптом в москве', 62, 84),
(506, 'детские платья киргизия оптом от производителя', 62, 112),
(507, 'сигареты киргизия опт', 62, 84),
(508, 'купить оптом платья киргизия', 62, 84),
(509, 'блузки киргизия оптом, одежда кг из киргизии оптом', 62, 89),
(510, 'детская одежда киргизия оптом от производителя', 73, 119),
(511, 'ветровки женские 2019 оптом киргизия', 62, 127),
(512, 'ветровки куртки детские оптом', 73, 119),
(513, 'женская одежда оптом из киргизии от производител', 62, 84),
(514, 'детские ветровки оптом от производителя дешево', 73, 119),
(515, 'товары из киргизии оптом', 62, 84),
(516, 'женский опт, женская одежда оптом', 62, 89),
(517, 'одежда kg из киргизии оптом', 62, 87),
(518, 'опт женская от производителя киргизия', 62, 112),
(519, 'детская одежда из киргизии оптов', 62, 84),
(520, 'женская одежда оптом  от производителя', 62, 102),
(521, 'купить одежду оптом киргизия', 62, 127),
(522, 'детские платья оптом от производителя киргизия', 73, 119),
(523, 'фабрики киргизии оптом', 62, 87),
(524, 'женские платья оптом от производителя', 62, 84),
(525, 'купить детские платья оптом', 73, 119),
(526, 'платья оптом от производителя дешево киргизия', 62, 84),
(527, 'платья бишкек оптом от производителя', 62, 84),
(528, 'платья оптом недорого от производителя', 62, 84),
(529, 'платья оптом недорого от производителя киргизия', 62, 84),
(530, 'платья большие оптом от производителя', 71, 130),
(531, 'платья больших размеров оптом от производителя', 71, 130),
(532, 'детские платья оптом от производителя киргизия', 73, 119),
(533, 'нарядные платья для девочек оптом от производителя', 62, 84),
(534, 'нарядные платья для девочек оптом от производителя', 73, 119),
(535, 'летние платья оптом  от производителя киргизия', 62, 84),
(536, 'летние платья оптом  от производителя бишикек', 62, 84),
(537, 'женские платья опт ом от производителя киргизия', 62, 112),
(538, 'оптом плптья киргизия', 62, 84),
(539, 'купить платья оптом недорого от производителя', 62, 84),
(540, 'свадебные платья оптом украина от производителя', 62, 84),
(541, 'купить одежду оптом киргизия', 62, 84),
(542, 'купить ветровку киргизия', 62, 127),
(543, 'штаны классические женские оптом киргизия', 62, 110),
(544, 'купить ветровку киргизия  бишкек', 62, 127),
(545, 'штаны классические женские оптом киргизия', 62, 110),
(546, 'купить детские спортивные штаны оптом киргизия', 73, 119),
(547, 'спортивные штаны оптом дешево бишкеке', 62, 83),
(548, 'штаны трикотажные оптом киргизия', 62, 110),
(549, 'женские спортивные штаны оптом киргизия', 62, 83),
(550, 'купить детские штаны оптом киргизия', 73, 119),
(551, 'детские штаны оптом киргизия', 73, 83),
(552, 'детская одежда оптом  киргизия', 73, 119),
(553, 'детская одежда по оптовым ценам киргизия', 73, 119),
(554, 'детская одежда оптом от производителя киргизия', 73, 119),
(555, 'женская одежда оптом от производителя бишике', 62, 112),
(556, 'женская одежда оптом дешево киргизия', 62, 112),
(557, 'модная женская одежда оптом бишикек', 62, 84),
(558, 'спортивная одежда оптом киргизия', 62, 84),
(559, 'купить одежду больших размеров оптом бишкек', 71, 129),
(560, 'купить детскую одежду оптом дешево киргизия', 62, 112),
(561, 'купить одежду оптом дешево со склада киргизии', 62, 112),
(562, 'купить женскую одежду оптом', 62, 112),
(563, 'купить женскую одежду оптом бишкек', 62, 112),
(564, 'детские платья киргизия оптом от производителя', 62, 84),
(565, 'платье из киргизии больших размеров', 62, 84),
(566, 'одежда оптом, детская одежда оптом', 73, 119),
(567, 'одежда оптом от производителя женская одежда оптом', 62, 112),
(568, 'купить женские футболки недорого оптом', 62, 87),
(569, 'купить оптом белые женские футболки дешево', 62, 87),
(570, 'бишкек опт киргизия', 62, 112),
(571, 'женские одежда большого размера киргизия оптом', 71, 129),
(572, 'детская одежда оптом киргизия', 73, 119),
(573, 'трикотаж оптом киргизия', 62, 84),
(574, 'платья киргизия оптом от производителя', 62, 84),
(575, 'купить футболки оптом купить футболки оптом дешево', 62, 87),
(576, 'интернет магазин киргизии оптом', 62, 84),
(577, 'платья детские киргизия оптом', 73, 119),
(578, 'киргизия опт без посредников', 62, 82),
(579, 'kg shop одежда оптом из киргизии', 62, 82),
(580, 'нарядные платья киргизия оптом', 62, 82),
(581, 'нарядные платья киргизия оптом', 62, 118),
(582, 'киргизия опт от производителя платья киргизия опто', 62, 84),
(583, 'одежда киргизия оптом без посредников', 62, 84),
(584, 'киргизия опт, одежда опт киргизия, опт кыргызстан', 62, 112),
(585, 'купить одежду платья оптом бишкек', 62, 84),
(586, 'киргизия одежда оптом дешево', 62, 84),
(587, 'купить оптом недорого женские футболки киргизия', 62, 87),
(588, 'детские платья киргизия оптом от производителя', 62, 84),
(589, 'кыргызстан женская одежда оптом г бишкек', 62, 112),
(590, 'женская одежда больших размеров оптом бишкек кирги', 71, 129),
(591, 'мусульманская одежда бишкек оптом от производителя', 62, 118),
(592, 'оптом киргизия', 62, 84),
(593, 'одежда оптом из бишкека', 62, 112),
(594, 'купить оптом женскую одежду в бишкек', 62, 112),
(595, 'костюмы киргизия оптом', 62, 118),
(596, 'детская одежда из бишкека оптом от производителя', 73, 119),
(597, 'одежда оптом из киргизии бишкека все производите', 62, 84),
(598, 'женские футболки оптом киргизия', 62, 87),
(599, 'блузки киргизия оптом', 62, 89),
(600, 'одежда кг из киргизии оптом', 71, 124),
(601, 'кыргызстан бишкек женская одежда оптом', 62, 92),
(602, 'купить женские футболки оптом', 62, 87),
(603, 'бишкек одежда оптом от производителя', 62, 84),
(604, 'одежда женская производители бишкек', 62, 82),
(605, 'женская одежда оптом от производителей бишкек', 62, 82),
(606, 'производители детской одежды бишкек', 73, 119),
(607, 'одежда оптом из киргизии бишкека все производите', 62, 82),
(608, 'бишкек одежда оптом от производителя каталог', 71, 129),
(609, 'кгмарт одежда оптом из бишкека от производителя', 62, 94),
(610, 'одежда бишкек оптом от производителя без рядов', 62, 84),
(611, 'детская одежда из бишкека оптом от производителя', 73, 119),
(612, 'софико бишкек одежда оптом от производителя', 62, 87),
(613, 'бишкек фабрики одежды от производителя оптом деше', 62, 81),
(614, 'мусульманская одежда бишкек оптом от производител', 62, 84),
(615, 'женские футболки оптом от производителя бишкек', 62, 87),
(616, 'женские футболки майки оптом', 62, 88),
(617, 'женские футболки оптом дешево', 62, 87),
(618, 'женские футболки оптом дешево', 62, 87),
(619, 'ищу в бишкеке производителя одежды из штапеля', 62, 81),
(620, 'одежда оптом бишкек', 62, 112),
(621, 'женская одежда больших размеров оптом бишкек кирги', 71, 129),
(622, 'киргизия одежда оптом бишкек', 62, 112),
(623, 'бишкек одежда оптом от производителя', 62, 112),
(624, 'женская одежда оптом бишкек', 62, 112),
(625, 'одежда оптом бишкек', 62, 84),
(626, 'женская одежда оптом от производителей бишкек', 62, 112),
(627, 'мусульманская одежда оптом из киргизии', 62, 118),
(628, 'детская одежда оптом из киргизии от производителя', 73, 119),
(629, 'одежда оптом из киргизии от производителя дешево', 62, 112),
(630, 'одежда из киргизии оптом дешево', 62, 112),
(631, 'одежда оптом бишкек', 62, 84),
(632, 'женская одежда оптом бишкек', 62, 87),
(633, 'женская одежда оптом от производителей бишкек', 62, 84),
(634, 'киргизия одежда оптом бишкек', 62, 84),
(635, 'детская одежда оптом бишкек', 62, 127),
(636, 'купить одежду оптом бишкек', 62, 80),
(637, 'одежда бишкек оптом каталог', 62, 84),
(638, 'одежда оптом из киргизии бишкека все производите', 62, 80),
(639, 'бишкек одежда оптом большие размеры', 62, 84),
(640, 'демиезонныет куртки женские женские куртки оптом', 62, 108),
(641, 'кгмарт одежда оптом из бишкека', 62, 80),
(642, 'куртки весна 2019 женские опт, весенние куртки опт', 62, 108),
(643, 'одежда большого размера оптом из киргизии', 62, 112),
(644, 'бишкек одежда оптом от производителя каталог', 62, 87),
(645, 'одежда оптом из киргизии от производителя дешево', 62, 112),
(646, 'одежда бишкек оптом в москве', 62, 80),
(647, 'бишкек одежда оптом техноткань', 62, 80),
(648, 'кыргызстан бишкек женская одежда оптом', 62, 80),
(649, 'одежда из киргизии оптом от производителя технотка', 62, 112),
(650, 'одежда для беременных киргизия оптом', 62, 112),
(651, 'бишкек магазин одежды опт', 62, 127),
(652, 'киргизия мусульманская одежда оптом', 62, 118),
(653, 'бишкек интернет магазин одежды оптом', 62, 127),
(654, 'женская одежда больших размеров оптом бишкек кирги', 62, 112),
(655, 'молодежная одежда оптом бишкек', 62, 80),
(656, 'оптом киргизия молодежная женская одежда', 62, 112),
(657, 'одежда оптом из киргизии от производителя дешево', 62, 112),
(658, 'кгмарт одежда оптом из бишкека от производителя', 62, 80),
(659, 'куртки женские киргизия оптом от производителя', 62, 108),
(660, 'детские куртки оптом от производителя', 73, 119),
(661, 'киргизия одежда оптом бишкек', 62, 112),
(662, 'женская одежда оптом из киргизии  от производителя', 62, 112),
(663, 'детская одежда из бишкека оптом от производителя', 73, 119),
(664, 'одежда оптом из киргизии бишкека все производители', 62, 112),
(665, 'купить женские платья оптом от производителя', 62, 84),
(666, 'детские нарядные платья оптом от производителя', 73, 119),
(667, 'платья для девочек оптом от производителя', 73, 119),
(668, 'мона лиза бишкек одежда оптом каталог', 62, 80),
(669, 'одежда бишкек оптом от производителя без рядов', 62, 94),
(670, 'платья  для девочек оптом киргизия', 73, 119),
(671, 'одежда оптом из киргизии бишкека все производители', 62, 112),
(672, 'одежда бишкек оптом от производителя без рядов', 62, 87),
(673, 'ветровки  для детей оптом киргизия', 73, 119),
(674, 'бишкек фабрики одежды от производителя оптом деше', 62, 80),
(675, 'купить детские ветровки оптом от производителя крг', 73, 119),
(676, 'куртки ветровки оптом от производителя', 62, 112),
(677, 'софико бишкек одежда оптом от производителя', 62, 80),
(678, 'детская одежда киргизия оптом от производителя', 73, 119),
(679, 'бишкек одежда официальный опт', 62, 82),
(680, 'одежда оптом от производителя бишкек', 62, 112),
(681, 'ммусульманская одежда бишкек оптом от производите', 62, 82),
(682, 'женские платья блузки оптом киргизия', 62, 84),
(683, 'одежда бишкек оптом официальный сайт', 62, 82),
(684, 'женская одежда больших размеров оптом бишкек кирги', 62, 80),
(685, 'оптом киргизия молодежная женская одежда', 62, 112),
(686, 'одежда из киргизии оптом', 62, 112),
(687, 'ооо техноткань бишкек каталог одежды оптом', 62, 80),
(688, 'детская одежда киргизия оптом  от производителя', 73, 119),
(689, 'кыргызстан женская одежда оптом г бишкек', 62, 82),
(690, 'киргизия одежда оптом бишкек', 62, 112),
(691, 'женская одежда бишкек оптом в москве', 62, 127),
(692, 'одежда киргизия опт большие размеры', 71, 129),
(693, 'мужская одежда бишкек джинса оптом', 62, 80),
(694, 'детский опт одежда киргизия', 73, 119),
(695, 'женские одежда большого размера киргизия оптом', 71, 124),
(696, 'бишкек одежда оптом дако', 62, 80),
(697, 'женские блузки оптом от производителя', 62, 89),
(698, 'бишкек одежда оптом рынок', 62, 82),
(699, 'купить блузки оптом от производителя', 62, 89),
(700, 'одежда оптом из бишкека', 62, 81),
(701, 'киргизия одежда оптом', 62, 112),
(702, 'купить одежду платья оптом бишкек', 62, 84),
(703, 'дешевая одежда оптом от производителя киргизия', 62, 112),
(704, 'одежда оптом из киргизии', 62, 84),
(705, 'одежда оптом киргизия от производителя', 62, 112),
(706, 'одежда больших размеров киргизия оптом', 62, 84),
(707, 'одежда оптом по низким от производителя', 62, 112),
(708, 'анфиса одежда из киргизии оптом', 62, 84),
(709, 'одежда оптом по низким ценам от производителя', 62, 112),
(710, 'большая одежда оптом от производителя', 62, 112),
(711, 'одежда больших размеров оптом от производителя', 71, 129),
(712, 'анфиса одежда больших размеров из киргизии оптом', 62, 84),
(713, 'одежда из киргизии оптом от производителя', 62, 81),
(714, 'трикотаж оптом от производитель киргизия', 62, 112),
(715, 'трикотаж оптом от производителя официальный сайт', 62, 112),
(716, 'детская одежда оптом киргизия', 73, 119),
(717, 'женские одежда большого размера киргизия оптом', 62, 80),
(718, 'милаславна женская одежда оптом из киргизии', 62, 82),
(719, 'детский трикотаж оптом от производителя', 73, 119),
(720, 'кгмарт одежда оптом из киргизии', 62, 127),
(721, 'детский трикотаж оптом от производителя киргизия', 73, 119),
(722, 'детская одежда оптом киргизиякг март киргизия одеж', 62, 127),
(723, 'длинные рубашки оптом бишкек', 62, 77),
(724, 'кг шоп опт киргизия одежда оптом', 62, 84),
(725, 'опт киргизия одежда оптом', 62, 94),
(726, 'дешевый трикотаж оптом от производителя', 62, 112),
(727, 'киргизия одежда оптом бишкек', 62, 82),
(728, 'детская одежда киргизия оптом от производителя', 62, 82),
(729, 'детский трикотаж оптом от производителя по низким', 73, 119),
(730, 'женская одежда оптом из киргизии от производител', 62, 127),
(731, 'цены детский трикотаж оптом от производителя', 73, 119),
(732, 'купить одежду оптом  от производителя', 62, 112),
(733, 'одежда kg из киргизии оптом', 62, 77),
(734, 'купить одежду оптом дешево киргизия', 62, 112),
(735, 'детская одежда из киргизии оптов', 73, 119),
(736, 'купить детскую одежду оптом от производителя', 73, 119),
(737, 'купить одежду оптом киргизия', 62, 80),
(738, 'купить женскую одежду оптом от производителя', 62, 112),
(739, 'купить одежду больших размеров оптом', 62, 110),
(740, 'kg shop одежда оптом из киргизии', 62, 77),
(741, 'одежда для детей купить оптом', 73, 119),
(742, 'одежда киргизия оптом без посредников', 62, 77),
(743, 'красивые блузки оптом киргизия', 62, 112),
(744, 'блузка рубашка оптом киргизия', 62, 89),
(745, 'киргизия одежда оптом дешево', 62, 77),
(746, 'блузки рубашки женские оптом бишкек', 62, 89),
(747, 'одежда оптом из киргизии бишкека все производите', 62, 77),
(748, 'купить одежду оптом от производителя дешево', 62, 112),
(749, 'оптом платья из киргизии от фабрики', 62, 84),
(750, 'фабрики киргизии оптом от производителя', 62, 112),
(751, 'одежда кг из киргизии оптом', 62, 77),
(752, 'одежда оптом без рядов киргизия', 62, 77),
(753, 'спортивная одежда оптом киргизия  купить', 62, 100),
(754, 'магазины одежды киргизия опт', 62, 77),
(755, 'одежда из киргизии оптом молодежные', 62, 112),
(756, 'одежда оптом киргизия интернет магазин', 62, 77),
(757, 'женская одежда больших размеров оптом бишкек кирги', 71, 129),
(758, 'миледи киргизия одежда оптом', 62, 77),
(759, 'одежда из киргизии оптом от производителя технот', 62, 112),
(760, 'платья производство киргизия оптом', 62, 84),
(761, 'купить платье производство киргизия оптом', 62, 84),
(762, 'платье производство киргизия оптом', 62, 84),
(763, 'платья для полных женщин киргизия', 62, 84),
(764, 'производство одежды киргизия оптом', 62, 80),
(765, 'детские платья киргизия оптом от производителя', 73, 119),
(766, 'техноткань одежда из киргизии оптом', 62, 81),
(767, 'брюки киргизия оптом, брюки оптом женские киргизия', 62, 110),
(768, 'одежда оптом из киргизии интернет', 62, 84),
(769, 'детская одежда оптом киргизия', 73, 119),
(770, 'женские одежда большого размера киргизия оптом', 71, 129),
(771, 'киргизия оптом бишкек оптом', 62, 112),
(772, 'детская одежда  из киргизии оптом', 73, 119),
(773, 'одежда оптом из киргизии бишкека все производители', 62, 112),
(774, 'одежда из киргизии оптом молодежные', 62, 112),
(775, 'киргизия одежда оптом бишкек', 62, 109),
(776, 'купить платье киргизия опт', 71, 130),
(777, 'платья детские киргизия оптом', 73, 119),
(778, 'опт женские штаны, спортивные штаны оптом', 62, 110),
(779, 'ветровки детские оптом от производителя', 73, 119),
(780, 'купить ветровки оптом от производителя', 62, 127),
(781, 'женские куртки ветровки оптом киргизия', 62, 108),
(782, 'женские куртки ветровки оптом киргизия', 62, 127),
(783, 'одежда оптом из киргизии от производителя дешево', 62, 77),
(784, 'оптом киргизия молодежная женская одежда', 62, 77),
(785, 'одежда из киргизии оптом', 62, 80),
(786, 'купить ветровки оптом от производителя дешево кирг', 62, 127),
(787, 'одежда из киргизии оптом молодежные', 62, 77),
(788, 'ветровки для девочек оптом киргизия', 62, 127),
(789, 'одежда оптом киргизия официальный сайт', 62, 80),
(790, 'одежда оптом киргизия официальный сайт', 71, 124),
(791, 'киргизия мусульманская одежда оптом', 62, 77),
(792, 'женский трикотаж оптом киргизия', 62, 112),
(793, 'одежда оптом фабрика киргизии', 62, 77),
(794, 'одежда из киргизии оптом от производителя технот', 62, 80),
(795, 'женская одежда больших размеров оптом бишкек кирги', 62, 80),
(796, 'женские костюмы оптом киргизия', 62, 118),
(797, 'гука джали женская одежда оптом из киргизии', 62, 80),
(798, 'киргизия рынок одежды дордой опт инстаграм', 62, 80),
(799, 'одежда опт киргизия', 62, 80),
(800, 'selya одежда киргизия оптом', 62, 81),
(801, 'женские футболки оптом киргизия', 62, 87),
(802, 'детская одежда производство киргизия оптом', 62, 80),
(803, 'женская одежда большие опт киргизия', 71, 129),
(804, 'одежда оптом из киргизии без линеек', 62, 82),
(805, 'женская одежда больших размеров оптом киргизия', 62, 112),
(806, 'одежда из киргизии мелким оптом', 62, 80),
(807, 'одежда оптом из киргизии', 71, 129),
(808, 'платья киргизия оптом от производителя', 62, 84),
(809, 'одежда большого размера оптом из киргизии', 62, 77),
(810, 'выпускные платья оптом от производителя киргизия', 62, 84),
(811, 'анфиса одежда из киргизии оптом', 62, 85),
(812, 'платья оптом от производителя дешево бишкек', 62, 84),
(813, 'анфиса одежда больших размеров из киргизии оптом', 62, 80),
(814, 'женская одежда оптом из киргизии', 62, 84),
(815, 'одежда из киргизии оптом от производителя', 62, 80),
(816, 'свадебные платья оптом от производителя дешево', 62, 84),
(817, 'милаславна женская одежда оптом из киргизии', 62, 84),
(818, 'женские платья оптом от производителя киргизия', 62, 84),
(819, 'одежда оптом из киргизии', 62, 84),
(820, 'женская одежда оптом из киргизии', 62, 81),
(821, 'женская одежда оптом из киргизии от производител', 62, 81),
(822, 'одежда kg из киргизии оптом', 62, 82),
(823, 'одежда оптом из киргизии бишкека', 62, 80),
(824, 'киргизия одежда оптом бишкек', 62, 112),
(825, 'детская одежда киргизия оптом от производителя', 73, 119),
(826, 'детская одежда из киргизии оптов', 73, 119),
(827, 'одежда оптом из киргизии бишкека все производители', 62, 112),
(828, 'одежда из киргизии оптом от производителя технотка', 62, 112),
(829, 'детская одежда производство киргизия оптом', 73, 119),
(830, 'джинсовые куртки купить оптом киргизия', 62, 108),
(831, 'детская одежда из киргизии оптов', 73, 119),
(832, 'одежда оптом из киргизии бишкека', 62, 112),
(833, 'киргизия одежда оптом бишкек', 62, 112),
(834, 'бишкек одежда оптом большие размеры', 71, 129),
(835, 'одежда оптом из киргизии бишкека все производители', 62, 112),
(836, 'детская одежда из киргизии оптов', 73, 119),
(837, 'нарядные платья киргизия оптом', 62, 84),
(838, 'детские платья киргизия оптом от производителя', 73, 119),
(839, 'одежда оптом из киргизии бишкека все производители', 62, 112),
(840, 'блузки киргизия оптом, платья из киргизии оптом', 62, 89),
(841, 'платья киргизия оптом от производителя', 62, 84),
(842, 'детские спортивные штаны оптом', 73, 119),
(843, 'детские футболки оптом дешево киргизия', 73, 119),
(844, 'одежду оптом киргизия', 62, 84),
(846, 'одежда оптом из киргизии', 62, 87),
(847, 'одежда оптом бишкек', 62, 94),
(848, 'женская одежда оптом от производителя', 62, 112),
(849, 'одежда оптом из киргизии', 62, 127),
(850, 'детская одежда оптом киргизия', 73, 121),
(851, 'купить одежду оптом, куплю одежду оптов', 62, 112),
(852, 'купить Костюмы оптом киргизия дёшево от производит', 62, 79),
(853, 'купить Шапки и шляпы оптом киргизия дёшево от прои', 62, 117),
(854, 'купить Чулки оптом киргизия дёшево от производител', 62, 116),
(855, 'купить Чулки оптом киргизия дёшево от производител', 62, 116),
(856, 'купить Чулки оптом киргизия дёшево от производител', 62, 116),
(857, 'купить Шарфы и платки оптом киргизия дёшево от про', 62, 115),
(858, 'купить Шорты оптом киргизия дёшево от производител', 62, 114),
(859, 'купить Юбки оптом киргизия дёшево от производителя', 62, 113),
(860, 'купить парео оптом дешево от производителя киргиз', 62, 75),
(861, 'купить Юбки оптом киргизия дёшево от производителя', 62, 113),
(862, 'купить Бюстгальтеры оптом киргизия дёшево от произ', 62, 96),
(863, 'купить кардиганы оптом киргизия от производителя', 62, 106),
(864, 'купить колготки оптом киргизия дёшево от производи', 62, 105),
(865, 'купить купальники оптом киргизия от производителя', 62, 104),
(866, 'купить пиджак оптом киргизия дёшево от производите', 62, 102),
(867, 'купить носки оптом киргизия дёшево от производител', 62, 101),
(868, 'купить плаши и ветровки оптом киргизия производ', 62, 99),
(869, 'купить плаши оптом киргизия производителя', 62, 99),
(870, 'купить ветровки оптом киргизия от производителя', 62, 99),
(871, 'купить легинсы оптом киргизия от дешево производит', 62, 103),
(872, 'купить легинсы оптом киргизия от производителя', 62, 103),
(873, 'купить корректирующее белье оптом киргизия дёшево', 62, 76),
(874, 'купить корректирующее белье оптом больших размеров', 62, 76),
(875, 'киргизия оптом женские бейсболки больших размеров', 62, 78),
(876, 'киргизия корсеты оптом бишкек больших размеров', 62, 79),
(877, 'женские свитеры оптом больших размеров киргизия', 62, 80),
(878, 'женское пальто больших размероа оптом из киргизии', 62, 81),
(879, 'женская одежда больших размеров оптом нижнее бельё', 62, 85),
(880, 'женская одежда больших размеров оптом сарафаны', 62, 86),
(881, 'женская одежда больших размеров оптом майки', 62, 88),
(882, 'женская одежда больших размеров оптом водалазки', 62, 90),
(883, 'женская одежда больших размеров оптом комбинезоны', 62, 91),
(884, 'женская одежда больших размеров оптом купить кофты', 62, 92),
(885, 'женская одежда больших размеров оптом туники', 62, 93),
(886, 'женская одежда больших размеров оптом халаты', 62, 94),
(887, 'женская одежда больших размеров оптом толстовки', 62, 95),
(888, 'женская одежда больших размеров плащи и ветровки', 62, 99),
(889, 'женская одежда больших размеров оптом топы', 62, 98),
(890, 'женская одежда больших размеров оптом трусы', 62, 97),
(891, 'женская одежда больших размеров оптом купальники', 62, 104),
(892, 'женская одежда больших размеров оптом леггинсы', 62, 103),
(893, 'женская одежда больших размеров оптом пиджаки', 62, 102),
(894, 'женская одежда больших размеров оптом куртки жилет', 62, 108),
(895, 'женская одежда больших размеров оптом куртки жилет', 62, 108),
(896, 'женская одежда больших размеров оптом капри бишкек', 62, 107),
(897, 'женская одежда больших размеров оптом кардиганы', 62, 106),
(898, 'женская одежда больших размеров оптом колготки', 62, 105),
(899, 'женская одежда больших размеров оптом верхняя одеж', 71, 129),
(900, 'женская одежда больших размеров оптом болеро', 62, 111),
(901, 'женская одежда больших размеров оптом брюки', 62, 110),
(902, 'женская одежда больших размеров домашняя одежда', 62, 109),
(903, 'женская одежда больших размеров оптом чулки бишкек', 62, 116),
(904, 'женская одежда больших размеров оптом шарфы платки', 62, 115),
(905, 'женская одежда больших размеров оптом шорты', 62, 114),
(906, 'женская одежда больших размеров оптом юбки', 62, 113),
(907, 'женская одежда больших размеров оптом костюмы', 62, 118),
(908, 'женская одежда больших размеров оптом шапки шляпы', 62, 117),
(909, 'женская одежда больших размеров оптом платья', 71, 130),
(910, 'Рубашки оптом киргизия', 72, 172),
(911, 'купить мужские футболки оптом из киргизии', 72, 173),
(912, 'купить мужские шорты оптом из киргизии', 72, 176),
(914, 'купить костюм классические мужские оптом киргизия', 72, 181),
(915, 'спортивные костюмы мужские опт киргизия', 72, 181),
(916, 'купить мужские одежды оптом киргизия', 72, 184),
(917, 'купить мужскую одежду оптом от производителя', 72, 184),
(918, 'купить мужскую ветровку оптом от производителя', 72, 182),
(919, 'купить мужские кофты оптом киргизия', 72, 178),
(920, 'купить мужские брюки оптом из киргизии', 72, 183),
(921, 'мужские толстовки опт из киргизии', 72, 185),
(922, 'купить ветровки оптом от производителя киргизия', 72, 184),
(923, 'мужские футболки оптом бишкек', 72, 173),
(924, 'купить мужские ветровки оптом киргизия', 72, 182),
(925, 'шорты мужские оптом бишкек', 72, 176),
(926, 'одежда рубашки мужские оптом киргизия', 72, 172),
(927, 'одежда свитеры мужские оптом киргизия', 72, 175),
(928, 'одежда бейсболки мужские оптом киргизия', 72, 179),
(929, 'одежда кофты мужские оптом киргизия', 72, 178),
(930, 'майки мужские оптом киргизия', 72, 180),
(931, 'купить классические костюмы мужские оптом киргизия', 72, 181),
(932, 'купить оптом ветровки киргизия', 72, 182),
(933, 'купить оптом брюки от производителя киргизия', 72, 183),
(934, 'купить оптом толстовки от производителя киргизия', 72, 185),
(935, 'купить оптом куртки от производителя киргизия', 72, 187),
(936, 'мужская одежда куртки демисезонные оптом киргизия', 72, 187),
(937, 'мужская одежда куртки весенние оптом киргизия', 72, 187),
(938, 'мужская одежда куртки летние оптом киргизия', 72, 187),
(939, 'мужская одежда куртки осенние оптом киргизия', 72, 187),
(940, 'мужская одежда куртки зимние оптом киргизия', 72, 187),
(941, 'толстовки оптом от производителей бишкека', 72, 185),
(942, 'джинсы оптом от производителей бишкека', 72, 186),
(943, 'футболки толстовки оптом зи киргизии', 72, 185),
(944, 'мужские черные толстовки оптом киргизия', 72, 185),
(945, 'толстовки мужские оптом киргизия', 72, 185),
(946, 'мужские толстовки оптом от производителя киргизия', 72, 185),
(947, 'толстовки мужские оптом  бишкек', 72, 185),
(948, 'толстовка с капюшоном мужская оптом киргизия', 72, 185),
(949, 'ветровки мужские оптом из киргизии', 72, 182),
(950, 'рубашки мужские оптом из киргизии', 72, 172),
(951, 'футболки мужские оптом из киргизии', 72, 173),
(952, 'ветровки оптом киргизия от производителя', 72, 182),
(953, 'плащи ветровки оптом коргизия', 72, 182),
(954, 'ветровки оптом от производителя дешево\tкиргизия', 72, 182),
(955, 'брюки оптом от производителя дешево киргизия', 72, 183),
(956, 'костюмы оптом от производителя дешево киргизия', 72, 181),
(957, 'кофты оптом от производителя дешево киргизия', 72, 178),
(958, 'куртки оптом от производителя дешево киргизия', 72, 187),
(959, 'джинсы оптом от производителя дешево киргизия', 72, 186),
(960, 'ветровки оптом от производителя дешево киргизия', 72, 182),
(961, 'свитеры оптом от производителя дешево киргизия', 72, 175),
(962, 'кофты оптом от производителя дешево киргизия', 72, 178),
(963, 'куртки оптом от производителя дешево киргизия', 72, 187),
(964, 'жилеты оптом от производителя дешево куртки', 72, 188),
(965, 'толстовки оптом от производителя дешево бишкек', 72, 185),
(966, 'костюмы оптом от производителя дешево бишкек', 72, 181),
(967, 'вакансии, программист, менеджер по продажам', NULL, NULL),
(968, 'маркетолог, дизайнер, менеджер, продукт менеджер', NULL, NULL),
(969, 'одежда оптом, одежда и бишкека, киргизия', NULL, NULL),
(970, 'одежда оптом, одежда и бишкека, киргизия, одежда', NULL, NULL),
(971, 'одежда оптом, одежда и бишкека, киргизия, доставка', NULL, NULL),
(972, 'одежда оптом, одежда и бишкека, киргизия, контакты', NULL, NULL),
(973, 'поиск, одежда, одежда оптом, Киргизия, Бишкек', NULL, NULL),
(974, 'СМИ о нас, одежда из Киргизии, одежда оптом', NULL, NULL),
(975, 'куртки мужские оптом киргизия', 72, 187),
(976, 'мужские костюмы оптом бишкек', 72, 181),
(977, 'мужская одежда оптом от производителя киргизия', 72, 178),
(978, 'мужские кожаные оптом киргизии', 72, 187),
(979, 'джинсы мужские оптом от производителя', 72, 186),
(980, 'спортивные костюмы мужские опт киргизия бишкек', 72, 181),
(981, 'мужские футболки оптом бишкек одежда 2019', 72, 173),
(982, 'киргизия футболки одежда оптом бишкек', 72, 173),
(983, 'свитеры оптом из киргизии от производителя дешево', 72, 175),
(984, 'киргизия одежда бейсболки оптом бишкек', 72, 179),
(985, 'киргизия рубашки одежда оптом бишкек', 72, 172),
(986, 'одежда шорты оптом из киргизии все производители', 72, 176),
(987, 'киргизия кофты одежда оптом бишкек', 72, 178),
(988, 'одежда майки киргизии бишкека все производители', 72, 180),
(989, 'костюмы оптом из киргизии бишкек все производители', 72, 181),
(990, 'ветровки оптом киргизии бишкек все производители', 72, 182),
(991, 'брюки оптом из киргизии бишкека все производители', 72, 183),
(992, 'киргизия одежда оптом джинсы бишкек', 72, 186),
(993, 'толстовки оптом из киргизии все производители', 72, 185),
(994, 'киргизия одежда куртки оптом бишкек', 72, 187),
(995, 'желеты оптом из киргизии бишкека все производители', 72, 188),
(996, 'водолазки оптом из киргизии все производители', 72, 189),
(997, 'киргизия носки оптом бишкек', 72, 190),
(998, 'киргизия галстуки оптом бишкек дёшово', 72, 191);

-- 
-- Вывод данных для таблицы size
--
INSERT INTO size VALUES
(x'3338'),
(x'3430'),
(x'3432'),
(x'3434'),
(x'3436'),
(x'3438'),
(x'3530'),
(x'3532'),
(x'3534'),
(x'3536'),
(x'3538'),
(x'3630'),
(x'3632'),
(x'3634'),
(x'3636'),
(x'3638'),
(x'3730');

-- 
-- Вывод данных для таблицы shipping
--
-- Таблица riiix.shipping не содержит данных

-- 
-- Вывод данных для таблицы settings
--
INSERT INTO settings VALUES
(1, 1, '[email]', 'Email', 'info@wow.kg'),
(2, 1, '[phone]', 'Телефон', '+7 (905) 00-00-00'),
(6, 2, '[count]', 'Количество записей', '12'),
(4, 2, '[product]', 'Количество товаров на странице', '12'),
(5, 1, '[address]', 'Адрес', '#'),
(3, 1, '[order]', 'Email для заказов', 'sales@wow.kg'),
(9, 1, '[project]', 'Имя проекта', 'WOW.kg'),
(21, 3, '[vk]', 'VK', '#'),
(20, 3, '[fb]', 'FB', '#'),
(22, 3, '[tw]', 'Twitter', '#'),
(23, 3, '[ps]', 'Pinterest', '#'),
(24, 3, '[gp]', 'Google+', '#'),
(25, 3, '[you]', 'Youtube', '#'),
(7, 1, '[catalog]', 'Развернуть меню каталога (да - 0, нет - 1)', '0'),
(8, 1, '[home]', 'Вывести на главной (новые обычные - 0) (популярные и рекомендуемые - 1)', '0'),
(10, 1, '[sucsess]', 'Сообщение в корзине', 'Спасибо за заказ! Наш менеджер свяжется с Вами в течение 20 минут'),
(19, 2, '[smm]', 'Скрыть кнопки соцсетей (0 - да, 1 - нет)', '0'),
(30, 2, '[content1]', 'Текст на главной  (0 - вверху, 1 - внизу)', '1'),
(31, 2, '[content2]', 'Текст в категориях каталога  (0 - вверху, 1 - внизу)', '1'),
(32, 2, '[content3]', 'Текст в контактах (0 - вверху, 1 - внизу)', '1'),
(33, 2, '[share]', 'Скрыть кнопки соцсетей - поделиться (0 - да, 1 - нет)', '1'),
(34, 4, '[tax]', 'Налог в %', '0'),
(35, 4, '[delivy1]', 'Доставка минимум', '100'),
(36, 4, '[delivy2]', 'Доставка срредняя', '500'),
(37, 4, '[delivy3]', 'Доставка максимум', '1400'),
(38, 5, '[currency]', 'USD', '1'),
(39, 5, '[currency]', 'RUB', '66,07'),
(40, 5, '[currency]', 'KGS', '68,78'),
(41, 5, '[currency]', 'KZT', '379,22'),
(42, 3, '[insta]', 'Instagram', '#'),
(43, 1, '[login]', 'Авто-Логин для пользователей', 'wowkg'),
(44, 6, '[tarif]', 'Абонентское обслуживание в месяц (USD)', '10'),
(45, 6, '[tarif]', 'Доступ к базе резюме в месяц (USD)', '5');

-- 
-- Вывод данных для таблицы paymethod
--
-- Таблица riiix.paymethod не содержит данных

-- 
-- Вывод данных для таблицы parametrs
--
INSERT INTO parametrs VALUES
(1, 'Артикул'),
(2, 'Вес (кг)'),
(3, 'Ткань'),
(4, 'Состав ткани'),
(5, 'Подклад'),
(6, 'Назначение');

-- 
-- Вывод данных для таблицы orders
--
-- Таблица riiix.orders не содержит данных

-- 
-- Вывод данных для таблицы kassa_service
--
INSERT INTO kassa_service VALUES
(1, 'Пополнение баланса'),
(2, 'Вывод средств'),
(3, 'Заказ'),
(4, 'Доставка'),
(5, 'Абонентское обслуживание');

-- 
-- Вывод данных для таблицы kassa
--
INSERT INTO kassa VALUES
(18, '2019-04-12 13:06:54', NULL, 100.00, '1', 13, 'RUB', '+', '1', 1, 66.00, 1.52, NULL),
(19, '2019-04-12 13:29:03', NULL, 50.00, '1', 13, 'KGS', '-', '1', 2, 68.00, 0.74, NULL),
(20, '2019-04-12 13:31:51', NULL, 66.00, '1', 13, 'RUB', '-', '1', 2, 66.00, 1.00, NULL);

-- 
-- Вывод данных для таблицы gallery
--
INSERT INTO gallery VALUES
(117, 43, '1521300620.jpg', 'slider_inside', NULL, 'yes', 'yes', NULL),
(120, 43, '1521463420.png', 'logo', NULL, 'yes', 'yes', NULL),
(118, 43, '1521301342.jpg', 'slider_inside', NULL, 'yes', 'no', NULL),
(119, 60, '1521461332.jpg', 'slider_inside', NULL, 'yes', 'no', NULL),
(121, NULL, 'slide01.jpg', 'slider', 'http://gmc-translation.com', 'yes', 'no', 'Переводчик Google FREE мобильное'),
(123, NULL, 'slide02.jpg', 'slider', NULL, 'yes', 'no', 'Offline словарь и переводчик'),
(124, NULL, 'slide03.jpg', 'slider', 'http://alfatranslation.kg', 'yes', 'no', 'Traducción audiovisual (TRAG) Traduccddd');

-- 
-- Вывод данных для таблицы faq
--
-- Таблица riiix.faq не содержит данных

-- 
-- Вывод данных для таблицы content
--
INSERT INTO content VALUES
(64, 'scategory', 'articles', 'footer', NULL, 37, 'Вакансии', 'Вакансии', 'Вакансии', '967,968', NULL, NULL, NULL, 1, 'vakansii', NULL, NULL, NULL, 'yes', 2),
(36, 'structure', 'articles', 'footer', 0, NULL, 'Разделы', 'Разделы', NULL, NULL, NULL, NULL, NULL, 1, 'main', NULL, NULL, NULL, 'yes', 0),
(37, 'structure', 'articles', 'footer', 0, NULL, 'О Компании', 'О компании', NULL, NULL, NULL, NULL, NULL, 1, 'about', NULL, NULL, NULL, 'yes', 0),
(42, 'category', 'home', 'header', NULL, 36, 'Главная', 'Главная', 'одежда оптом', '970', NULL, NULL, NULL, 1, 'home', NULL, NULL, NULL, 'yes', 1),
(40, 'structure', 'articles', 'footer', 0, NULL, 'Наш сервис', 'Наш сервис', NULL, NULL, NULL, NULL, NULL, 1, 'service', NULL, NULL, NULL, 'yes', 0),
(41, 'structure', 'articles', 'footer', 0, NULL, 'Контакты', 'Контакты', NULL, NULL, NULL, NULL, NULL, 1, 'contacts', NULL, NULL, NULL, 'yes', 0),
(43, 'category', 'articles', 'header,footer', NULL, 36, 'О WOW.KG', 'О WOW.KG', 'WOWKG', 'WOWKG', NULL, NULL, NULL, 1, 'o-wowkg', NULL, NULL, NULL, 'yes', 1),
(44, 'category', 'news', 'footer', NULL, 36, 'Блог', 'Блог', 'блог', '969', NULL, NULL, NULL, 1, 'blog', NULL, NULL, NULL, 'yes', 3),
(45, 'scategory', 'articles', 'footer', NULL, 40, 'Доставка', 'Доставка', 'доставка', '971', NULL, NULL, NULL, 1, 'dostavka', NULL, NULL, NULL, 'yes', 2),
(46, 'category', 'shop', 'header,footer', NULL, 36, 'Товары', 'Товары', NULL, NULL, NULL, NULL, NULL, 1, 'tovary', NULL, NULL, NULL, 'yes', 2),
(47, 'scategory', 'articles', 'header,footer', NULL, 41, 'Контакты', 'Контакты', 'контакты', '972', NULL, NULL, NULL, 1, 'kontakty', NULL, NULL, NULL, 'yes', 6),
(55, 'scategory', 'articles', 'footer', NULL, 40, 'Гарантии', 'Гарантии', 'Гарантии сервиса', 'одежда, женская одежда', NULL, NULL, NULL, 1, 'garantii', NULL, NULL, NULL, 'yes', 3),
(58, 'scategory', 'articles', 'footer', NULL, 41, 'Для СМИ', 'Для СМИ', 'сми', '974', NULL, NULL, NULL, 1, 'dlja_smi', NULL, NULL, NULL, 'yes', 3),
(59, 'scategory', 'articles', 'footer', NULL, 41, 'Для партнеров', 'Для партнеров', NULL, NULL, NULL, NULL, NULL, 1, 'dlja_partnerov', NULL, NULL, NULL, 'yes', 4),
(60, 'scategory', 'articles', 'footer', NULL, 36, 'Корзина заказов', 'Корзина', 'Корзина заказов', 'Корзина заказов', '<p><strong>Доставка</strong></p>\r\n\r\n<p>Бесплатная доставка осуществляется от заказа в 4500 руб. Если сумма заказа меньше, доставка 300 руб.</p>\r\n\r\n<p>Заказы доставляются ежедневно с 10.00 до 17.00, включая субботу.</p>\r\n\r\n<p>Выходной день &ndash; воскресенье.</p>\r\n\r\n<p>При заказе, оформленном до 18.00, доставка осуществляется на следующий день.</p>\r\n\r\n<p>Заказы, оформленные после 18.00, доставляются через день.</p>\r\n\r\n<p>Заказы, оформленные в субботу или воскресенье, доставляются в понедельник.</p>\r\n\r\n<p><strong>Оплата</strong></p>\r\n\r\n<p>У вас есть возможность как наличной, так и безналичной оплаты.</p>\r\n\r\n<p>Если вы оплачиваете товар наличным способом, то платите курьеру при получении заказа.</p>\r\n\r\n<p>При безналичной форме &mdash; 100% предоплата.</p>', NULL, NULL, 1, 'korzina', NULL, NULL, NULL, 'yes', 5),
(76, 'scategory', 'articles', 'footer', NULL, 40, 'Для ателье', 'Для ателье', 'Для ателье', 'Для ателье', NULL, NULL, NULL, 1, 'dlya-atele', NULL, NULL, NULL, 'yes', 3),
(77, 'scategory', 'articles', 'footer', NULL, 40, 'Для байеров', 'Для байеров', 'Для байеров', 'Для байеров', NULL, NULL, NULL, 1, 'dlya-bayerov', NULL, NULL, NULL, 'yes', 4),
(79, 'system', 'search', NULL, NULL, 40, 'Поиск по сайту', 'Поиск по сайту', 'Поиск одежды от производителей из Киргизии', '973', NULL, NULL, NULL, 1, 'poisk_po_sajtu', NULL, NULL, NULL, 'yes', 0);

-- 
-- Вывод данных для таблицы color
--
INSERT INTO color VALUES
(1, 'красный', '#FF0000'),
(2, 'розовый', '#FFC0CB'),
(3, 'оранжевый', '#FFA500'),
(4, 'золотой', '#FFD700'),
(5, 'жёлтый', '#FFFF00'),
(6, 'салатовый', '#00FF00'),
(7, 'зелёный', '#008000'),
(8, 'голубой', '#0000FF'),
(9, 'серый', '#808080'),
(10, 'фиолетовый', '#800080'),
(11, 'коричневый', '#A52A2A'),
(12, 'чёрный', '#000000');

-- 
-- Вывод данных для таблицы category
--
INSERT INTO category VALUES
(62, 'category', NULL, NULL, NULL, 'Купить оптом женская одежда от производителя в Киргизии', 'Женская одежда', 'zhenskaya-odezhda', 'Женская одежда', 'Женская одежда', NULL, 1, 0, 'normal'),
(71, 'category', NULL, NULL, NULL, 'Купить оптом женские большие размеры от производителя в Киргизии', 'Женские большие размеры', 'zhenskie-bolshie-razmery', 'Женские большие размеры', 'Женские большие размеры', NULL, 2, 0, 'normal'),
(72, 'category', NULL, NULL, NULL, 'Купить оптом мужская одежда от производителя в Киргизии', 'Мужская одежда', 'muzhskaya-odezhda', 'Мужская одежда', 'Мужская одежда', NULL, 3, 0, 'normal'),
(73, 'category', NULL, NULL, NULL, 'Купить оптом детская одежда от производителя в Киргизии', 'Детская одежда', 'detskaya-odezhda', 'Детская одежда', 'Детская одежда', NULL, 4, 0, 'normal'),
(75, 'category2', 62, NULL, NULL, 'Купить оптом парео оптом от производителя в Киргизии', 'Парео оптом', 'pareo_optom', 'купить парео оптом киргизия дёшево от производителя', '169,172,177,178,179', NULL, 3, 0, 'normal'),
(76, 'category2', 62, NULL, NULL, 'Купить оптом корректирующее белье от производителя в Киргизии', 'Корректирующее белье', 'korrektiruyuschee-bele', 'купить корректирующее белье оптом киргизия дёшево от производителя', '844,846,848', NULL, 3, 0, 'normal'),
(77, 'category2', 62, NULL, NULL, 'Купить оптом рубашки от производителя в Киргизии', 'Рубашки', 'rubashki', 'купить рубашки оптом киргизия дёшево от производителя', '764,768,770,771', NULL, 3, 0, 'normal'),
(78, 'category2', 62, NULL, NULL, 'Купить оптом бейсболки от производителя в Киргизии', 'Бейсболки', 'beysbolki', 'купить бейсболки оптом киргизия дёшево от производителя', '844,847,851', NULL, 3, 0, 'normal'),
(79, 'category2', 62, NULL, NULL, 'Купить оптом корсеты от производителя в Киргизии', 'Корсеты', 'korsety', 'купить корсеты  оптом киргизия дёшево от производителя', '252,253', NULL, 3, 0, 'normal'),
(80, 'category2', 62, NULL, NULL, 'Купить оптом свитеры от производителя в Киргизии', 'Свитеры', 'svitery', 'купить свитеры  оптом киргизия дёшево от производителя', '771,775,785,814,819', NULL, 3, 0, 'normal'),
(81, 'category2', 62, NULL, NULL, 'Купить оптом пальто от производителя в Киргизии', 'Пальто', 'palto', 'купить платья оптом киргизия дёшево от производителя', '832,844,846,847,849', NULL, 3, 0, 'normal'),
(82, 'category2', 62, NULL, NULL, 'Купить оптом фартуки от производителя в Киргизии', 'Фартуки', 'fartuki', 'купить Фартуки  оптом киргизия дёшево от производителя', '615,616,617,690,692,700', NULL, 3, 0, 'normal'),
(83, 'category2', 62, NULL, NULL, 'Купить оптом спортивные брюки от производителя в Киргизии', 'Спортивные брюки', 'sportivnye-bryuki', 'купить спортивные брюки оптом киргизия дёшево от производителя', '125,128,155,157', NULL, 3, 0, 'normal'),
(84, 'category2', 62, NULL, NULL, 'Купить оптом платья от производителя в Киргизии', 'Платья', 'platya', 'купить платья  оптом киргизия дёшево от производителя', '121,122', NULL, 3, 0, 'normal'),
(85, 'category2', 62, NULL, NULL, 'Купить оптом нижнее белье от производителя в Киргизии', 'Нижнее белье', 'nizhnee-bele', 'купить нижнее белье оптом киргизия дёшево от производителя', '855', NULL, 3, 0, 'normal'),
(86, 'category2', 62, NULL, NULL, 'Купить оптом сарафаны от производителя в Киргизии', 'Сарафаны', 'sarafany', 'купить сарафаны   оптом киргизия дёшево от производителя', '844,846,847,848,849', NULL, 3, 0, 'normal'),
(87, 'category2', 62, NULL, NULL, 'Купить оптом футболки от производителя в Киргизии', 'Футболки', 'futbolki', 'купить футболки оптом киргизия дёшево от производителя', '819,820,822,823,843', NULL, 3, 0, 'normal'),
(88, 'category2', 62, NULL, NULL, 'Купить оптом майки от производителя в Киргизии', 'Майки', 'mayki', 'купить майки оптом киргизия дёшево от производителя', '161,207', NULL, 3, 0, 'normal'),
(89, 'category2', 62, NULL, NULL, 'Купить оптом блузки от производителя в Киргизии', 'Блузки', 'bluzki', 'купить блузки  оптом киргизия дёшево от производителя', '187,191,192,201,204,206,209,213', NULL, 3, 0, 'normal'),
(90, 'category2', 62, NULL, NULL, 'Купить оптом водолазки от производителя в Киргизии', 'Водолазки', 'vodolazki', 'купить водолазки оптом киргизия дёшево от производителя', '832,839,844,846,847,849', NULL, 3, 0, 'normal'),
(91, 'category2', 62, NULL, NULL, 'Купить оптом комбинезоны от производителя в Киргизии', 'Комбинезоны', 'kombinezony', 'купить комбинезоны  оптом киргизия дёшево от производителя', '844,846,848,849,850,851', NULL, 3, 0, 'normal'),
(92, 'category2', 62, NULL, NULL, 'Купить оптом кофты от производителя в Киргизии', 'Кофты', 'kofty', 'купитьа кофты оптом киргизия дёшево от производителя', '831,832,833,835,836', NULL, 3, 0, 'normal'),
(93, 'category2', 62, NULL, NULL, 'Купить оптом туники от производителя в Киргизии', 'Туники', 'tuniki', 'купить туники оптом киргизия дёшево от производителя', '832,839,844,846,847,848,849', NULL, 3, 0, 'normal'),
(94, 'category2', 62, NULL, NULL, 'Купить оптом халаты от производителя в Киргизии', 'Халаты', 'halaty', 'купить халаты оптом киргизия дёшево от производителя', '764,768,771,776', NULL, 3, 0, 'normal'),
(95, 'category2', 62, NULL, NULL, 'Купить оптом толстовки от производителя в Киргизии', 'Толстовки', 'tolstovki', 'купить толстовки оптом киргизия дёшево от производителя', '844,846,847,848,849,850,853', NULL, 3, 0, 'normal'),
(96, 'category2', 62, NULL, NULL, 'Купить оптом бюстгальтеры от производителя в Киргизии', 'Бюстгальтеры', 'byustgaltery', 'купить бюстгальтеры оптом киргизия дёшево от производителя', '862', NULL, 3, 0, 'normal'),
(97, 'category2', 62, NULL, NULL, 'Купить оптом трусы от производителя в Киргизии', 'Трусы', 'trusy', 'купить трусы оптом киргизия дёшево от производителя', '844,846,847,848,849,851', NULL, 3, 0, 'normal'),
(98, 'category2', 62, NULL, NULL, 'Купить оптом топы от производителя в Киргизии', 'Топы', 'topy', 'купить топы поптом киргизия дёшево от производителя', '820,823,844,846,847,849', NULL, 3, 0, 'normal'),
(99, 'category2', 62, NULL, NULL, 'Купить оптом плащи и ветровки от производителя в Киргизии', 'Плащи и ветровки', 'plaschi-i-vetrovki', 'купить плаши и ветровки оптом киргизия от производителя', '868,869,870', NULL, 3, 0, 'normal'),
(100, 'category2', 62, NULL, NULL, 'Купить оптом спортивные костюмы от производителя в Киргизии', 'Спортивные костюмы', 'sportivnye-kostyumy', 'купить спортивные костюмы оптом киргизия от производителя', '130,140,142,151,162', NULL, 3, 0, 'normal'),
(101, 'category2', 62, NULL, NULL, 'Купить оптом носки от производителя в Киргизии', 'Носки', 'noski', 'купить носки оптом киргизия дёшево от производителя', '175,226,867', NULL, 3, 0, 'normal'),
(102, 'category2', 62, NULL, NULL, 'Купить оптом пиджаки от производителя в Киргизии', 'Пиджаки', 'pidzhaki', 'купить пиджак оптом киргизия дёшево от производителя', '175,866', NULL, 3, 0, 'normal'),
(103, 'category2', 62, NULL, NULL, 'Купить оптом леггинсы от производителя в Киргизии', 'Леггинсы', 'legginsy', 'купить легинсы оптом киргизия от дешево производителя', '871,872', NULL, 3, 0, 'normal'),
(104, 'category2', 62, NULL, NULL, 'Купить оптом купальники от производителя в Киргизии', 'Купальники', 'kupalniki', 'купить купальники оптом киргизия дёшево от производителя', '865', NULL, 3, 0, 'normal'),
(105, 'category2', 62, NULL, NULL, 'Купить оптом колготки от производителя в Киргизии', 'Колготки', 'kolgotki', 'купить колготки оптом киргизия дёшево от производителя', '152,153,864', NULL, 3, 0, 'normal'),
(106, 'category2', 62, NULL, NULL, 'Купить оптом кардиганы от производителя в Киргизии', 'Кардиганы', 'kardigany', 'купить кардиганы оптом киргизия от производителя', '239,863', NULL, 3, 0, 'normal'),
(107, 'category2', 62, NULL, NULL, 'Купить оптом капри от производителя в Киргизии', 'Капри', 'kapri', 'купить капри  оптом киргизия дёшево от производителя', NULL, NULL, 3, 0, 'normal'),
(108, 'category2', 62, NULL, NULL, 'Купить оптом куртки, жилеты от производителя в Киргизии', 'Куртки, жилеты', 'kurtki-zhilety', 'купить куртки, жилеты  оптом киргизия дёшево от производителя', '351,659,676', NULL, 3, 0, 'normal'),
(109, 'category2', 62, NULL, NULL, 'Купить оптом домашняя одежда от производителя в Киргизии', 'домашняя одежда', 'domashnyaya-odezhda', 'купить домашнюю одежду оптом киргизия дёшево от производителя', '178,330,402,414', NULL, 3, 0, 'normal'),
(110, 'category2', 62, NULL, NULL, 'Купить оптом брюки от производителя в Киргизии', 'Брюки', 'bryuki', 'купить Брюки оптом киргизия дёшево от производителя', '386,459,767', NULL, 3, 0, 'normal'),
(111, 'category2', 62, NULL, NULL, 'Купить оптом болеро от производителя в Киргизии', 'Болеро', 'bolero', 'купить болеро оптом киргизия от производителя', NULL, NULL, 3, 0, 'normal'),
(112, 'category2', 62, NULL, NULL, 'Купить оптом верхняя одежда от производителя в Киргизии', 'Верхняя одежда', 'verhnyaya-odezhda', 'купить верхняя одежда оптом киргизия дёшево от производителя', '784,785,787,789', NULL, 3, 0, 'normal'),
(113, 'category2', 62, NULL, NULL, 'Купить оптом юбки от производителя в Киргизии', 'Юбки', 'yubki', 'купить юбки оптом киргизия дёшево от производителя', '861', NULL, 3, 0, 'normal'),
(114, 'category2', 62, NULL, NULL, 'Купить оптом шорты от производителя в Киргизии', 'Шорты', 'shorty', 'купить Шорты оптом киргизия дёшево от производителя', '858', NULL, 3, 0, 'normal'),
(115, 'category2', 62, NULL, NULL, 'Купить оптом шарфы и платки от производителя в Киргизии', 'Шарфы и платки', 'sharfy-i-platki', 'купить Шарфы и платки оптом киргизия дёшево от производителя', '857', NULL, 3, 0, 'normal'),
(116, 'category2', 62, NULL, NULL, 'Купить оптом чулки от производителя в Киргизии', 'Чулки', 'chulki', 'купить чулки оптом киргизия дёшево от производителя', '856', NULL, 3, 0, 'normal'),
(117, 'category2', 62, NULL, NULL, 'Купить оптом шапки и шляпы от производителя в Киргизии', 'Шапки и шляпы', 'shapki-i-shlyapy', 'купить шапки и шляпы оптом киргизия дёшево от производителя', '853', NULL, 3, 0, 'normal'),
(118, 'category2', 62, NULL, NULL, 'Купить оптом костюмы от производителя в Киргизии', 'Костюмы', 'kostyumy', 'купить костюмы оптом киргизия дёшево от производителя', '852', NULL, 3, 0, 'normal'),
(119, 'category2', 73, NULL, NULL, 'Купить оптом для девочек от производителя в Киргизии', 'Для девочек', 'dlja_devochek', 'детская одежда оптом для девочек производитель киргизия', NULL, NULL, NULL, NULL, 'normal'),
(120, 'category2', 73, NULL, NULL, 'Купить оптом для мальчиков от производителя в Киргизии', 'Для мальчиков', 'dlja_malchikov', 'детская одежда оптом для  мальчиков производитель киргизия', NULL, NULL, NULL, NULL, 'normal'),
(121, 'category2', 73, NULL, NULL, 'Купить оптом для новорожденных от производителя в Киргизии', 'Для новорожденных', 'Dlja-novorozhdennyh', 'детская одежда оптом для новарошдеенных  производитель киргизия', NULL, NULL, NULL, NULL, 'normal'),
(123, 'category2', 71, NULL, NULL, 'Купить оптом парео от производителя в Киргизии', 'Парео', 'pareo_optom_bolshih_razmerov', 'купить парео оптом киргизия', '740,742,860', NULL, NULL, NULL, 'normal'),
(124, 'category2', 71, NULL, NULL, 'Купить оптом футболки от производителя в Киргизии', 'Футболки', 'futbolki_krupnym_optom_bolshih_razmerov', 'купить  футболки больших размеров  оптом киргизия дёшево от производителя', '568,569,575', NULL, NULL, NULL, 'normal'),
(126, 'category2', 62, NULL, NULL, 'Купить оптом джинсы от производителя в Киргизии', 'Джинсы', 'dzhinsy', 'купить  джишсы больших размеров  оптом киргизия дёшево от производителя', NULL, NULL, 3, NULL, 'normal'),
(127, 'category2', 62, NULL, NULL, 'Купить оптом ветровки от производителя в Киргизии', 'Ветровки', 'vetrovki', 'купить ветровки  оптом киргизия дёшево от производителя', NULL, NULL, 3, NULL, 'normal'),
(128, 'category2', 71, NULL, NULL, 'Купить оптом спортивные костюмы от производителя в Киргизии', 'Спортивные костюмы', 'sportivnye_kostjumy_optom_bolshih_razmerov', 'купить женские спортивные костюмы больших размеров оптом', NULL, NULL, NULL, NULL, 'normal'),
(129, 'category2', 71, NULL, NULL, 'Купить оптом верхняя одежда от производителя в Киргизии', 'Верхняя одежда', 'verhnjaja_odezhda_optom_bolshih_razmerov', 'женская одежда больших размеров оптом бишкек киргизия дешево', '198', NULL, NULL, NULL, 'normal'),
(130, 'category2', 71, NULL, NULL, 'Купить оптом платья от производителя в Киргизии', 'Платья', 'platja_optom_bolshih_razmerov', 'купить платье большого размера оптом киргизия', '121', NULL, NULL, NULL, 'normal'),
(131, 'category2', 71, NULL, NULL, 'Купить оптом корректирующее белье от производителя в Киргизии', 'Корректирующее белье', 'korrektirujuschee_bele_optom_bolshih_razmerov', 'купить корректирующее белье больших размеров оптом киргизия дёшево от производителя', '873,874', NULL, NULL, NULL, 'normal'),
(132, 'category2', 71, NULL, NULL, 'Купить оптом бейсболки от производителя в Киргизии', 'Бейсболки', 'bejsbolki_optom_bolshih_razmerov', 'купить бейсболки оптом киргизия дёшево от производителя', '175,310,500,875', NULL, NULL, NULL, 'normal'),
(133, 'category2', 71, NULL, NULL, 'Купить оптом рубашки от производителя в Киргизии', 'Рубашки', 'rubashki_optom_bolshih_razmerov', 'купить рубашки оптом киргизия дёшево от производителя\tбольших размерев', '204,209,218,219', NULL, NULL, NULL, 'normal'),
(134, 'category2', 71, NULL, NULL, 'Купить оптом корсеты от производителя в Киргизии', 'Корсеты', 'korsety_optom_bolshih_razmerov', 'купить корсеты большого размера оптом киргизия', '180,345,876', NULL, NULL, NULL, 'normal'),
(135, 'category2', 71, NULL, NULL, 'Купить оптом свитеры от производителя в Киргизии', 'Свитеры', 'svitery_optom_bolshih_razmerov', 'купить свитеры большого размера оптом киргизия', '175,226,238,877', NULL, NULL, NULL, 'normal'),
(136, 'category2', 71, NULL, NULL, 'Купить оптом пальто от производителя в Киргизии', 'Пальто', 'palto_optom_bolshih_razmerov', 'купить пальто большого размера оптом киргизия', '175,226,238,878', NULL, NULL, NULL, 'normal'),
(137, 'category2', 71, NULL, NULL, 'Купить оптом нижнее белье от производителя в Киргизии', 'Нижнее белье', 'nizhnee_bele_optom_bolshih_razmerov', 'купить нижнее белье большого размера оптом киргизия', '175,226,238,879', NULL, NULL, NULL, 'normal'),
(138, 'category2', 71, NULL, NULL, 'Купить оптом сарафаны от производителя в Киргизии', 'Сарафаны', 'sarafany_optom_bolshih_razmerov', 'купить сарафаны большого размера оптом киргизия', '175,226,239,880', NULL, NULL, NULL, 'normal'),
(139, 'category2', 71, NULL, NULL, 'Купить оптом футболки от производителя в Киргизии', 'Футболки', 'futbolki_optom_bolshih_razmerov', 'купить футболки большого размера оптом киргизия', '568,569,575,587,602', NULL, NULL, NULL, 'normal'),
(140, 'category2', 71, NULL, NULL, 'Купить оптом майки от производителя в Киргизии', 'Майки', 'majki_optom_bolshih_razmerov', 'купить майки большого размера оптом киргизия', '175,255,260,881', NULL, NULL, NULL, 'normal'),
(141, 'category2', 71, NULL, NULL, 'Купить оптом блузки от производителя в Киргизии', 'Блузки', 'bluzki_optom_bolshih_razmerov', 'купить блузки большого размера оптом киргизия', '191,196,241,280,300', NULL, NULL, NULL, 'normal'),
(142, 'category2', 71, NULL, NULL, 'Купить оптом водолазки от производителя в Киргизии', 'Водолазки', 'vodolazki_optom_bolshih_razmerov', 'купить водолазки большого размера оптом киргизия', '255,260,310,882', NULL, NULL, NULL, 'normal'),
(143, 'category2', 71, NULL, NULL, 'Купить оптом комбинезоны от производителя в Киргизии', 'Комбинезоны', 'kombinezony_optom_bolshih_razmerov', 'купить комбинезоны большого размера оптом киргизия', '226,239,260,883', NULL, NULL, NULL, 'normal'),
(144, 'category2', 71, NULL, NULL, 'Купить оптом кофты от производителя в Киргизии', 'Кофты', 'kofty_optom_bolshih_razmerov', 'купить кофты оптом киргизия дёшево от производителя', '175,255,310,884', NULL, NULL, NULL, 'normal'),
(145, 'category2', 71, NULL, NULL, 'Купить оптом туники от производителя в Киргизии', 'Туники', 'tuniki_optom_bolshih_razmerov', 'купить туники большого размера оптом киргизия', '175,226,238,885', NULL, NULL, NULL, 'normal'),
(146, 'category2', 71, NULL, NULL, 'Купить оптом толстовки от производителя в Киргизии', 'Толстовки', 'tolstovki_optom_bolshih_razmerov', 'купить талстовки большого размера оптом киргизия', '175,226,238,887', NULL, NULL, NULL, 'normal'),
(147, 'category2', 71, NULL, NULL, 'Купить оптом бюстгальтеры от производителя в Киргизии', 'Бюстгальтеры', 'bjustgaltery_optom_bolshih_razmerov', 'купить бюстгальтеры большого размера оптом киргизия', '175,226,238,862', NULL, NULL, NULL, 'normal'),
(148, 'category2', 71, NULL, NULL, 'Купить оптом халаты от производителя в Киргизии', 'Халаты', 'halaty_optom_bolshih_razmerov', 'купить халаты большого размера оптом киргизия', '226,238,239,886', NULL, NULL, NULL, 'normal'),
(149, 'category2', 71, NULL, NULL, 'Купить оптом спортивные костюмы от производителя в Киргизии', 'Спортивные костюмы', 'sportivnye_kostjumy-optom_bolshih_razmerov', 'купить спортивные костюмы большого размера оптом киргизия', '125,128,130,140', NULL, NULL, NULL, 'normal'),
(150, 'category2', 71, NULL, NULL, 'Купить оптом плащи и ветровки от производителя в Киргизии', 'Плащи и ветровки', 'plaschi_i_vetrovki_optom_bolshih_razmerov', 'купить плащи и ветровки большого размера оптом киргизия', '175,226,310,888', NULL, NULL, NULL, 'normal'),
(151, 'category2', 71, NULL, NULL, 'Купить оптом топы от производителя в Киргизии', 'Топы', 'topy_optom_bolshih_razmerov', 'купить топы оптом киргизия от производителя', '175,226,255,260,889', NULL, NULL, NULL, 'normal'),
(152, 'category2', 71, NULL, NULL, 'Купить оптом трусы от производителя в Киргизии', 'Трусы', 'trusy_optom_bolshih_razmerov', 'купить трусы женская одежда больших размеров оптом бишкек киргизия дешево', '175,226,318,352,890', NULL, NULL, NULL, 'normal'),
(153, 'category2', 71, NULL, NULL, 'Купить оптом купальники от производителя в Киргизии', 'Купальники', 'kupalniki_optom_bolshih_razmerov', 'купить купальники большого размера оптом киргизия', '865,891', NULL, NULL, NULL, 'normal'),
(154, 'category2', 71, NULL, NULL, 'Купить оптом леггинсы от производителя в Киргизии', 'Леггинсы', 'legginsy_optom_bolshih_razmerov', 'купить леггинсы большого размера оптом киргизия', '255,260,310,892', NULL, NULL, NULL, 'normal'),
(155, 'category2', 71, NULL, NULL, 'Купить оптом пиджаки от производителя в Киргизии', 'Пиджаки', 'pidzhaki_optom_bolshih_razmerov', 'купить женские пиджаки большого размера оптом киргизия', '175,226,239,893', NULL, NULL, NULL, 'normal'),
(156, 'category2', 71, NULL, NULL, 'Купить оптом носки от производителя в Киргизии', 'Носки', 'noski_optom_bolshih_razmerov', 'купить носки большого размера оптом киргизия', '175,226,260,867', NULL, NULL, NULL, 'normal'),
(157, 'category2', 71, NULL, NULL, 'Купить оптом куртки, жилеты от производителя в Киргизии', 'Куртки, жилеты', '_kurtki_zhilety_optom_bolshih_razmerov', 'купить куртки, жилеты большого размера оптом киргизия', '351,830,894', NULL, NULL, NULL, 'normal'),
(158, 'category2', 71, NULL, NULL, 'Купить оптом капри от производителя в Киргизии', 'Капри', 'kapri_optom_bolshih_razmerov', 'купить капри большого размера оптом киргизия', '239,896', NULL, NULL, NULL, 'normal'),
(159, 'category2', 71, NULL, NULL, 'Купить оптом кардиганы от производителя в Киргизии', 'Кардиганы', 'kardigany_optom_bolshih_razmerov', 'купить кардиганы большого размера оптом киргизия', '175,226,863,897', NULL, NULL, NULL, 'normal'),
(160, 'category2', 71, NULL, NULL, 'Купить оптом колготки от производителя в Киргизии', 'Колготки', 'kolgotki_optom_bolshih_razmerov', 'купить колготки большого размера оптом киргизия', '175,226,260,864,898', NULL, NULL, NULL, 'normal'),
(161, 'category2', 71, NULL, NULL, 'Купить оптом болеро от производителя в Киргизии', 'Болеро', 'bolero_optom_bolshih_razmerov', 'купить болеро большого размера оптом киргизия', '175,226,238,900', NULL, NULL, NULL, 'normal'),
(162, 'category2', 71, NULL, NULL, 'Купить оптом брюки от производителя в Киргизии', 'Брюки', 'brjuki_optom_bolshih_razmerov', 'купить брюки большого размера оптом киргизия', '175,226,238,311,901', NULL, NULL, NULL, 'normal'),
(163, 'category2', 71, NULL, NULL, 'Купить оптом домашняя одежда от производителя в Киргизии', 'Домашняя одежда', 'domashnjaja_odezhda_optom_bolshih_razmerov', 'купить домашняя одежда размера оптом киргизия', '152,153,156,902', NULL, NULL, NULL, 'normal'),
(164, 'category2', 71, NULL, NULL, 'Купить оптом чулки от производителя в Киргизии', 'Чулки', 'chulki_optom_bolshih_razmerov', 'купить чулки большого размера оптом киргизия', '854,855,903', NULL, NULL, NULL, 'normal'),
(165, 'category2', 71, NULL, NULL, 'Купить оптом шарфы и платки от производителя в Киргизии', 'Шарфы и платки', 'harfy_i_platki_optom_bolshih_razmerov', 'купить шарфы и платки большого размера оптом киргизия', '175,226,857,904', NULL, NULL, NULL, 'normal'),
(166, 'category2', 71, NULL, NULL, 'Купить оптом шорты от производителя в Киргизии', 'Шорты', 'shorty _optom_bolshih_razmerov', 'купить шорты большого размера оптом киргизия', '175,226,260,858,905', NULL, NULL, NULL, 'normal'),
(167, 'category2', 71, NULL, NULL, 'Купить оптом юбки от производителя в Киргизии', 'Юбки', 'jubki_optom_bolshih_razmerov', 'купить юбки большого размера оптом киргизия', '859,861,906', NULL, NULL, NULL, 'normal'),
(168, 'category2', 71, NULL, NULL, 'Купить оптом костюмы от производителя в Киргизии', 'Костюмы', 'kostjumy_optom_bolshih_razmerov', 'купить костюмы большого размера оптом киргизия', '852,907', NULL, NULL, NULL, 'normal'),
(169, 'category2', 71, NULL, NULL, 'Купить оптом шапки и шляпы от производителя в Киргизии', 'Шапки и шляпы', 'shapki_i_shljapy_optom_bolshih_razmerov', 'купить женские шапки и шляпы больших размеров оптом', '175,226,310,853,908', NULL, NULL, NULL, 'normal'),
(170, 'category2', 71, NULL, NULL, 'Купить оптом платья от производителя в Киргизии', 'Платья', 'platja_optom__optom_bolshih_razmerov', 'купить платье большого размера оптом киргизия', '121,122,132,134,909', NULL, NULL, NULL, 'normal'),
(171, 'category2', 71, NULL, NULL, 'Купить оптом брюки от производителя в Киргизии', 'Брюки', 'brjuki-optom_bolshih_razmerov', 'купить брюки спортивные костюмы больших размеров оптом', '311,386,459,901', NULL, NULL, NULL, 'normal'),
(172, 'category2', 72, NULL, NULL, 'Купить оптом рубашки от производителя в Киргизии', 'Рубашки', 'rubashki_optom', 'Рубашки оптом киргизия', '910', NULL, NULL, NULL, 'normal'),
(173, 'category2', 72, NULL, NULL, 'Купить оптом футболки мужские от производителя в Киргизии', 'Футболки мужские', 'futbolki_Muzhskie_optom', 'Мужские футболки оптом производитель киргизия', NULL, NULL, NULL, NULL, 'normal'),
(176, 'category2', 72, NULL, NULL, 'Купить оптом шорты от производителя в Киргизии', 'Шорты', 'shorty_muzhskie_optom', 'Мужские шорты оптом производитель киргизия', NULL, NULL, NULL, NULL, 'normal'),
(175, 'category2', 72, NULL, NULL, 'Купить оптом cвитеры от производителя в Киргизии', 'Cвитеры', 'muzhskaja_svitery_optom_muzhskie_optom', 'Мужские свитеры оптом производитель киргизия', NULL, NULL, NULL, NULL, 'normal'),
(179, 'category2', 72, NULL, NULL, 'Купить оптом бейсболки от производителя в Киргизии', 'Бейсболки', 'bejsbolki_muzhskie_optom', 'Мужские бейсболки   оптом производитель киргизия', NULL, NULL, NULL, NULL, 'normal'),
(178, 'category2', 72, NULL, NULL, 'Купить оптом кофты от производителя в Киргизии', 'Кофты', 'Kofty_muzhskie_optom', 'Мужские кофты оптом производитель киргизия', NULL, NULL, NULL, NULL, 'normal'),
(180, 'category2', 72, NULL, NULL, 'Купить оптом майки от производителя в Киргизии', 'Майки', 'majki_muzhskie_optom', 'Мужские майки оптом производитель киргизия', NULL, NULL, NULL, NULL, 'normal'),
(181, 'category2', 72, NULL, NULL, 'Купить оптом костюмы от производителя в Киргизии', 'Костюмы', 'kostjumy_muzhskie_optom', 'Мужские костюмы оптом производитель киргизия', NULL, NULL, NULL, NULL, 'normal'),
(182, 'category2', 72, NULL, NULL, 'Купить оптом ветровки от производителя в Киргизии', 'Ветровки', 'vetrovki_muzhskie_optom', 'Мужские ветровки оптом производитель киргизия', NULL, NULL, NULL, NULL, 'normal'),
(183, 'category2', 72, NULL, NULL, 'Купить оптом брюки от производителя в Киргизии', 'Брюки', 'brjuki_uzhskie_optom', 'Мужские брюки оптом производитель киргизия', NULL, NULL, NULL, NULL, 'normal'),
(186, 'category2', 72, NULL, NULL, 'Купить оптом джинсы от производителя в Киргизии', 'Джинсы', 'dzhinsy_muzhskie_optom', 'Мужские джинсы  оптом производитель киргизия', NULL, NULL, NULL, NULL, 'normal'),
(185, 'category2', 72, NULL, NULL, 'Купить оптом толстовки от производителя в Киргизии', 'Толстовки', 'tolstovki_muzhskie_optom', 'Мужские толстовки  оптом производитель киргизия', NULL, NULL, NULL, NULL, 'normal'),
(187, 'category2', 72, NULL, NULL, 'Купить оптом куртки от производителя в Киргизии', 'Куртки', 'Kurtki_muzhskie_optom', 'Мужские курти оптом производитель киргизия', NULL, NULL, NULL, NULL, 'normal'),
(188, 'category2', 72, NULL, NULL, 'Купить оптом жилеты от производителя в Киргизии', 'Жиелеты', 'Zhilety_muzhskie_optom', 'Мужские  жилеты оптом производитель киргизия', NULL, NULL, NULL, NULL, 'normal'),
(189, 'category2', 72, NULL, NULL, 'Мужская водолазки оптом', 'Водолазки', 'vodolazki_muzhskie_optom', 'Мужские водолазки оптом производитель киргизия', NULL, NULL, NULL, NULL, 'normal'),
(190, 'category2', 72, NULL, NULL, 'Мужская носки оптом', 'Носки', 'noski_muzhskie_optom', 'Мужские носки оптом производитель киргизия', NULL, NULL, NULL, NULL, 'normal'),
(191, 'category2', 72, NULL, NULL, 'Мужская галстуки оптом', 'Галстуки', 'galstuki', 'Мужские галстуки оптом производитель киргизия', NULL, NULL, NULL, NULL, 'normal'),
(192, 'category2', 72, NULL, NULL, 'Мужская палтоь оптом', 'Палтоь', 'palto_muzhskie_optom', 'Мужские палтоь оптом производитель киргизия', NULL, NULL, NULL, NULL, 'normal'),
(193, 'category2', 72, NULL, NULL, 'Мужская классический костюм оптом', 'Классический костюм', 'klassicheskij_kostjum_muzhskie_optom', 'Мужские классический костюм оптом производитель киргизия', NULL, NULL, NULL, NULL, 'normal'),
(194, 'category2', 72, NULL, NULL, 'Мужская безрукавка оптом', 'Безрукавка', 'bezrukavka_muzhskie_optom', 'Мужские безрукавка оптом производитель киргизия', NULL, NULL, NULL, NULL, 'normal'),
(195, 'category2', 72, NULL, NULL, 'Мужская  кауртка оптом', 'Куртка', 'kurtka_muzhskie_optom', 'Мужские  кауртка оптом производитель киргизия', NULL, NULL, NULL, NULL, 'normal');

-- 
-- Вывод данных для таблицы catalog_s
--
INSERT INTO catalog_s VALUES
(62, 182, 183, 1),
(63, 182, 184, 2),
(64, 182, 185, 3),
(65, 183, 182, 1),
(66, 183, 184, 2),
(67, 183, 185, 3),
(68, 184, 182, 1),
(69, 184, 183, 2),
(70, 184, 185, 3),
(71, 185, 182, 1),
(72, 185, 183, 2),
(73, 185, 184, 3),
(74, 190, 186, 1),
(75, 190, 187, 2),
(76, 190, 188, 3),
(77, 188, 186, 1),
(78, 188, 187, 2),
(79, 188, 190, 3),
(80, 187, 186, 1),
(81, 187, 188, 2),
(82, 187, 190, 3),
(83, 186, 187, 1),
(84, 186, 188, 2),
(85, 186, 190, 3),
(86, 192, 191, 1),
(87, 191, 192, 1),
(88, 194, 191, NULL),
(89, 193, 191, NULL),
(93, 195, 194, 2),
(92, 195, 193, 1),
(94, 194, 195, 2),
(95, 193, 195, 2),
(96, 197, 196, 1),
(97, 196, 197, 1),
(103, 199, 198, 1),
(99, 198, 200, 2),
(100, 198, 199, 3),
(101, 198, 201, 4),
(102, 198, 204, 5),
(104, 199, 200, 2),
(105, 199, 201, 3),
(106, 199, 204, 4),
(107, 200, 198, 1),
(108, 200, 199, 2),
(109, 200, 201, 3),
(110, 200, 204, 4),
(111, 201, 198, 1),
(112, 201, 199, 2),
(113, 201, 200, 3),
(114, 201, 204, 4),
(120, 206, 204, 1);

-- 
-- Вывод данных для таблицы catalog_p
--
-- Таблица riiix.catalog_p не содержит данных

-- 
-- Вывод данных для таблицы catalog
--
-- Таблица riiix.catalog не содержит данных

-- 
-- Вывод данных для таблицы audittrail_shop
--
INSERT INTO audittrail_shop VALUES
(1, '2018-05-28 10:13:04', '/crm/shop/login.php', 'admin', 'Вход', '127.0.0.1', '', '', '', ''),
(2, '2018-05-28 10:19:30', '/crm/shop/size_managerupdate.php', 'Администратор', '*** Начинаются пакетное обновление ***', 'size_manager', '', '', '', ''),
(3, '2018-05-28 10:19:30', '/crm/shop/size_managerupdate.php', 'Администратор', 'U', 'size_manager', 'discount', '148', '0.00', '5.00'),
(4, '2018-05-28 10:19:30', '/crm/shop/size_managerupdate.php', 'Администратор', 'U', 'size_manager', 'discount', '149', '0.00', '5.00'),
(5, '2018-05-28 10:19:30', '/crm/shop/size_managerupdate.php', 'Администратор', 'U', 'size_manager', 'discount', '150', '0.00', '5.00'),
(6, '2018-05-28 10:19:30', '/crm/shop/size_managerupdate.php', 'Администратор', 'U', 'size_manager', 'discount', '151', '0.00', '5.00'),
(7, '2018-05-28 10:19:30', '/crm/shop/size_managerupdate.php', 'Администратор', 'U', 'size_manager', 'discount', '152', '0.00', '5.00'),
(8, '2018-05-28 10:19:30', '/crm/shop/size_managerupdate.php', 'Администратор', 'U', 'size_manager', 'discount', '153', '0.00', '5.00'),
(9, '2018-05-28 10:19:30', '/crm/shop/size_managerupdate.php', 'Администратор', 'U', 'size_manager', 'discount', '154', '0.00', '5.00'),
(10, '2018-05-28 10:19:30', '/crm/shop/size_managerupdate.php', 'Администратор', 'U', 'size_manager', 'discount', '155', '0.00', '5.00'),
(11, '2018-05-28 10:19:30', '/crm/shop/size_managerupdate.php', 'Администратор', 'U', 'size_manager', 'discount', '156', '0.00', '5.00'),
(12, '2018-05-28 10:19:30', '/crm/shop/size_managerupdate.php', 'Администратор', 'U', 'size_manager', 'discount', '157', '0.00', '5.00'),
(13, '2018-05-28 10:19:30', '/crm/shop/size_managerupdate.php', 'Администратор', 'U', 'size_manager', 'discount', '158', '0.00', '5.00'),
(14, '2018-05-28 10:19:30', '/crm/shop/size_managerupdate.php', 'Администратор', 'U', 'size_manager', 'discount', '159', '0.00', '5.00'),
(15, '2018-05-28 10:19:30', '/crm/shop/size_managerupdate.php', 'Администратор', 'U', 'size_manager', 'discount', '161', '0.00', '5.00'),
(16, '2018-05-28 10:19:30', '/crm/shop/size_managerupdate.php', 'Администратор', 'U', 'size_manager', 'discount', '162', '0.00', '5.00'),
(17, '2018-05-28 10:19:30', '/crm/shop/size_managerupdate.php', 'Администратор', 'U', 'size_manager', 'discount', '163', '0.00', '5.00'),
(18, '2018-05-28 10:19:30', '/crm/shop/size_managerupdate.php', 'Администратор', 'U', 'size_manager', 'discount', '164', '0.00', '5.00'),
(19, '2018-05-28 10:19:30', '/crm/shop/size_managerupdate.php', 'Администратор', 'U', 'size_manager', 'discount', '165', '0.00', '5.00'),
(20, '2018-05-28 10:19:30', '/crm/shop/size_managerupdate.php', 'Администратор', 'U', 'size_manager', 'discount', '166', '0.00', '5.00'),
(21, '2018-05-28 10:19:30', '/crm/shop/size_managerupdate.php', 'Администратор', 'U', 'size_manager', 'discount', '167', '0.00', '5.00'),
(22, '2018-05-28 10:19:30', '/crm/shop/size_managerupdate.php', 'Администратор', 'U', 'size_manager', 'discount', '168', '0.00', '5.00'),
(23, '2018-05-28 10:19:30', '/crm/shop/size_managerupdate.php', 'Администратор', '*** Пакетное обновление завершено ***', 'size_manager', '', '', '', ''),
(24, '2018-05-29 13:15:33', '/crm/shop/size_manageredit.php', 'Администратор', 'U', 'size_manager', 'discount', '150', '5.00', '15.00'),
(25, '2018-05-29 13:15:33', '/crm/shop/size_manageredit.php', 'Администратор', 'U', 'size_manager', 'discount_t', '150', '0', '1'),
(26, '2018-09-04 14:59:55', '/crm/shop/login.php', 'admin', 'Вход', '127.0.0.1', '', '', '', ''),
(27, '2019-02-02 15:35:08', '/crm/cp/login.php', 'admin', 'Вход', '127.0.0.1', '', '', '', ''),
(28, '2019-03-05 14:52:37', '/crm/cp/login.php', 'admin', 'Вход', '127.0.0.1', '', '', '', ''),
(29, '2019-03-15 13:43:56', '/crm/cp/login.php', 'admin', 'Вход', '127.0.0.1', '', '', '', ''),
(30, '2019-04-06 14:58:15', '/crm/logout.php', 'Администратор', 'Выход', '127.0.0.1', '', '', '', ''),
(31, '2019-04-08 15:33:08', '/crm/login.php', 'syntlex', 'Вход', '127.0.0.1', '', '', '', ''),
(32, '2019-04-10 15:05:07', '/crm/kassaadd.php', '-1', 'A', 'kassa', 'user_id', '1', '', '11'),
(33, '2019-04-10 15:05:07', '/crm/kassaadd.php', '-1', 'A', 'kassa', 'service_id', '1', '', '1'),
(34, '2019-04-10 15:05:07', '/crm/kassaadd.php', '-1', 'A', 'kassa', 'amount', '1', '', '10'),
(35, '2019-04-10 15:05:07', '/crm/kassaadd.php', '-1', 'A', 'kassa', 'currency', '1', '', 'USD'),
(36, '2019-04-10 15:05:07', '/crm/kassaadd.php', '-1', 'A', 'kassa', 'paymethod', '1', '', '1'),
(37, '2019-04-10 15:05:07', '/crm/kassaadd.php', '-1', 'A', 'kassa', 'param', '1', '', '+'),
(38, '2019-04-10 15:05:07', '/crm/kassaadd.php', '-1', 'A', 'kassa', 'status', '1', '', '1'),
(39, '2019-04-10 15:05:07', '/crm/kassaadd.php', '-1', 'A', 'kassa', 'name', '1', '', NULL),
(40, '2019-04-10 15:05:07', '/crm/kassaadd.php', '-1', 'A', 'kassa', 'date', '1', '', '2019-04-10 15:05:07'),
(41, '2019-04-10 15:05:07', '/crm/kassaadd.php', '-1', 'A', 'kassa', 'id', '1', '', '1'),
(42, '2019-04-10 15:08:26', '/crm/kassaadd.php', '-1', 'A', 'kassa', 'user_id', '2', '', '11'),
(43, '2019-04-10 15:08:26', '/crm/kassaadd.php', '-1', 'A', 'kassa', 'service_id', '2', '', '1'),
(44, '2019-04-10 15:08:26', '/crm/kassaadd.php', '-1', 'A', 'kassa', 'amount', '2', '', '10'),
(45, '2019-04-10 15:08:26', '/crm/kassaadd.php', '-1', 'A', 'kassa', 'currency', '2', '', 'USD'),
(46, '2019-04-10 15:08:26', '/crm/kassaadd.php', '-1', 'A', 'kassa', 'paymethod', '2', '', '1'),
(47, '2019-04-10 15:08:26', '/crm/kassaadd.php', '-1', 'A', 'kassa', 'param', '2', '', '+'),
(48, '2019-04-10 15:08:26', '/crm/kassaadd.php', '-1', 'A', 'kassa', 'status', '2', '', '1'),
(49, '2019-04-10 15:08:26', '/crm/kassaadd.php', '-1', 'A', 'kassa', 'name', '2', '', NULL),
(50, '2019-04-10 15:08:26', '/crm/kassaadd.php', '-1', 'A', 'kassa', 'date', '2', '', '2019-04-10 15:08:26'),
(51, '2019-04-10 15:08:26', '/crm/kassaadd.php', '-1', 'A', 'kassa', 'id', '2', '', '2'),
(52, '2019-04-10 15:18:01', '/crm/kassaadd.php', '-1', 'A', 'kassa', 'user_id', '3', '', '11'),
(53, '2019-04-10 15:18:01', '/crm/kassaadd.php', '-1', 'A', 'kassa', 'service_id', '3', '', '1'),
(54, '2019-04-10 15:18:01', '/crm/kassaadd.php', '-1', 'A', 'kassa', 'amount', '3', '', '10'),
(55, '2019-04-10 15:18:01', '/crm/kassaadd.php', '-1', 'A', 'kassa', 'currency', '3', '', 'USD'),
(56, '2019-04-10 15:18:01', '/crm/kassaadd.php', '-1', 'A', 'kassa', 'paymethod', '3', '', '1'),
(57, '2019-04-10 15:18:01', '/crm/kassaadd.php', '-1', 'A', 'kassa', 'param', '3', '', '+'),
(58, '2019-04-10 15:18:01', '/crm/kassaadd.php', '-1', 'A', 'kassa', 'status', '3', '', '1'),
(59, '2019-04-10 15:18:01', '/crm/kassaadd.php', '-1', 'A', 'kassa', 'name', '3', '', NULL),
(60, '2019-04-10 15:18:01', '/crm/kassaadd.php', '-1', 'A', 'kassa', 'date', '3', '', '2019-04-10 15:18:01'),
(61, '2019-04-10 15:18:01', '/crm/kassaadd.php', '-1', 'A', 'kassa', 'id', '3', '', '3'),
(62, '2019-04-10 15:20:10', '/crm/kassaadd.php', '-1', 'A', 'kassa', 'user_id', '4', '', '11'),
(63, '2019-04-10 15:20:10', '/crm/kassaadd.php', '-1', 'A', 'kassa', 'service_id', '4', '', '1'),
(64, '2019-04-10 15:20:10', '/crm/kassaadd.php', '-1', 'A', 'kassa', 'amount', '4', '', '10'),
(65, '2019-04-10 15:20:10', '/crm/kassaadd.php', '-1', 'A', 'kassa', 'currency', '4', '', 'USD'),
(66, '2019-04-10 15:20:10', '/crm/kassaadd.php', '-1', 'A', 'kassa', 'paymethod', '4', '', '1'),
(67, '2019-04-10 15:20:10', '/crm/kassaadd.php', '-1', 'A', 'kassa', 'param', '4', '', '+'),
(68, '2019-04-10 15:20:10', '/crm/kassaadd.php', '-1', 'A', 'kassa', 'status', '4', '', '1'),
(69, '2019-04-10 15:20:10', '/crm/kassaadd.php', '-1', 'A', 'kassa', 'name', '4', '', NULL),
(70, '2019-04-10 15:20:10', '/crm/kassaadd.php', '-1', 'A', 'kassa', 'date', '4', '', '2019-04-10 15:20:10'),
(71, '2019-04-10 15:20:10', '/crm/kassaadd.php', '-1', 'A', 'kassa', 'id', '4', '', '4'),
(72, '2019-04-10 15:23:05', '/crm/logout.php', 'Администратор', 'Выход', '127.0.0.1', '', '', '', ''),
(73, '2019-04-10 15:26:41', '/crm/login.php', 'syntlex', 'Вход', '127.0.0.1', '', '', '', ''),
(74, '2019-04-10 15:37:08', '/crm/kassaadd.php', '-1', 'A', 'kassa', 'user_id', '5', '', '11'),
(75, '2019-04-10 15:37:08', '/crm/kassaadd.php', '-1', 'A', 'kassa', 'service_id', '5', '', '1'),
(76, '2019-04-10 15:37:08', '/crm/kassaadd.php', '-1', 'A', 'kassa', 'amount', '5', '', '9'),
(77, '2019-04-10 15:37:08', '/crm/kassaadd.php', '-1', 'A', 'kassa', 'currency', '5', '', 'USD'),
(78, '2019-04-10 15:37:08', '/crm/kassaadd.php', '-1', 'A', 'kassa', 'paymethod', '5', '', '1'),
(79, '2019-04-10 15:37:08', '/crm/kassaadd.php', '-1', 'A', 'kassa', 'param', '5', '', '+'),
(80, '2019-04-10 15:37:08', '/crm/kassaadd.php', '-1', 'A', 'kassa', 'status', '5', '', '1'),
(81, '2019-04-10 15:37:08', '/crm/kassaadd.php', '-1', 'A', 'kassa', 'name', '5', '', NULL),
(82, '2019-04-10 15:37:08', '/crm/kassaadd.php', '-1', 'A', 'kassa', 'date', '5', '', '2019-04-10 15:37:08'),
(83, '2019-04-10 15:37:08', '/crm/kassaadd.php', '-1', 'A', 'kassa', 'id', '5', '', '5'),
(84, '2019-04-10 15:39:27', '/crm/kassaadd.php', '-1', 'A', 'kassa', 'user_id', '6', '', '11'),
(85, '2019-04-10 15:39:27', '/crm/kassaadd.php', '-1', 'A', 'kassa', 'service_id', '6', '', '1'),
(86, '2019-04-10 15:39:27', '/crm/kassaadd.php', '-1', 'A', 'kassa', 'amount', '6', '', '9.00'),
(87, '2019-04-10 15:39:27', '/crm/kassaadd.php', '-1', 'A', 'kassa', 'currency', '6', '', 'USD'),
(88, '2019-04-10 15:39:27', '/crm/kassaadd.php', '-1', 'A', 'kassa', 'paymethod', '6', '', '1'),
(89, '2019-04-10 15:39:27', '/crm/kassaadd.php', '-1', 'A', 'kassa', 'param', '6', '', '+'),
(90, '2019-04-10 15:39:27', '/crm/kassaadd.php', '-1', 'A', 'kassa', 'status', '6', '', '1'),
(91, '2019-04-10 15:39:27', '/crm/kassaadd.php', '-1', 'A', 'kassa', 'name', '6', '', NULL),
(92, '2019-04-10 15:39:27', '/crm/kassaadd.php', '-1', 'A', 'kassa', 'date', '6', '', '2019-04-10 15:39:27'),
(93, '2019-04-10 15:39:27', '/crm/kassaadd.php', '-1', 'A', 'kassa', 'id', '6', '', '6'),
(94, '2019-04-10 15:39:52', '/crm/kassaadd.php', '-1', 'A', 'kassa', 'user_id', '7', '', '11'),
(95, '2019-04-10 15:39:52', '/crm/kassaadd.php', '-1', 'A', 'kassa', 'service_id', '7', '', '1'),
(96, '2019-04-10 15:39:52', '/crm/kassaadd.php', '-1', 'A', 'kassa', 'amount', '7', '', '9900'),
(97, '2019-04-10 15:39:52', '/crm/kassaadd.php', '-1', 'A', 'kassa', 'currency', '7', '', 'KGS'),
(98, '2019-04-10 15:39:52', '/crm/kassaadd.php', '-1', 'A', 'kassa', 'paymethod', '7', '', '1'),
(99, '2019-04-10 15:39:52', '/crm/kassaadd.php', '-1', 'A', 'kassa', 'param', '7', '', '+'),
(100, '2019-04-10 15:39:52', '/crm/kassaadd.php', '-1', 'A', 'kassa', 'status', '7', '', '1'),
(101, '2019-04-10 15:39:52', '/crm/kassaadd.php', '-1', 'A', 'kassa', 'name', '7', '', NULL),
(102, '2019-04-10 15:39:52', '/crm/kassaadd.php', '-1', 'A', 'kassa', 'date', '7', '', '2019-04-10 15:39:52'),
(103, '2019-04-10 15:39:52', '/crm/kassaadd.php', '-1', 'A', 'kassa', 'id', '7', '', '7'),
(104, '2019-04-10 15:44:24', '/crm/kassaadd.php', '-1', 'A', 'kassa', 'user_id', '8', '', '11'),
(105, '2019-04-10 15:44:24', '/crm/kassaadd.php', '-1', 'A', 'kassa', 'service_id', '8', '', '1'),
(106, '2019-04-10 15:44:24', '/crm/kassaadd.php', '-1', 'A', 'kassa', 'amount', '8', '', '1000'),
(107, '2019-04-10 15:44:24', '/crm/kassaadd.php', '-1', 'A', 'kassa', 'currency', '8', '', 'KGS'),
(108, '2019-04-10 15:44:24', '/crm/kassaadd.php', '-1', 'A', 'kassa', 'paymethod', '8', '', '1'),
(109, '2019-04-10 15:44:24', '/crm/kassaadd.php', '-1', 'A', 'kassa', 'param', '8', '', '+'),
(110, '2019-04-10 15:44:24', '/crm/kassaadd.php', '-1', 'A', 'kassa', 'status', '8', '', '1'),
(111, '2019-04-10 15:44:24', '/crm/kassaadd.php', '-1', 'A', 'kassa', 'name', '8', '', NULL),
(112, '2019-04-10 15:44:24', '/crm/kassaadd.php', '-1', 'A', 'kassa', 'date', '8', '', '2019-04-10 15:44:23'),
(113, '2019-04-10 15:44:24', '/crm/kassaadd.php', '-1', 'A', 'kassa', 'id', '8', '', '8'),
(114, '2019-04-10 15:48:20', '/crm/kassaadd.php', '-1', 'A', 'kassa', 'user_id', '9', '', '11'),
(115, '2019-04-10 15:48:20', '/crm/kassaadd.php', '-1', 'A', 'kassa', 'service_id', '9', '', '1'),
(116, '2019-04-10 15:48:20', '/crm/kassaadd.php', '-1', 'A', 'kassa', 'amount', '9', '', '19900.00'),
(117, '2019-04-10 15:48:20', '/crm/kassaadd.php', '-1', 'A', 'kassa', 'currency', '9', '', 'KGS'),
(118, '2019-04-10 15:48:20', '/crm/kassaadd.php', '-1', 'A', 'kassa', 'paymethod', '9', '', '1'),
(119, '2019-04-10 15:48:20', '/crm/kassaadd.php', '-1', 'A', 'kassa', 'param', '9', '', '+'),
(120, '2019-04-10 15:48:20', '/crm/kassaadd.php', '-1', 'A', 'kassa', 'status', '9', '', '1'),
(121, '2019-04-10 15:48:20', '/crm/kassaadd.php', '-1', 'A', 'kassa', 'name', '9', '', NULL),
(122, '2019-04-10 15:48:20', '/crm/kassaadd.php', '-1', 'A', 'kassa', 'date', '9', '', '2019-04-10 15:48:20'),
(123, '2019-04-10 15:48:20', '/crm/kassaadd.php', '-1', 'A', 'kassa', 'id', '9', '', '9'),
(124, '2019-04-10 16:12:04', '/crm/kassaadd.php', '-1', 'A', 'kassa', 'user_id', '10', '', '11'),
(125, '2019-04-10 16:12:04', '/crm/kassaadd.php', '-1', 'A', 'kassa', 'service_id', '10', '', '1'),
(126, '2019-04-10 16:12:04', '/crm/kassaadd.php', '-1', 'A', 'kassa', 'amount', '10', '', '29900.0'),
(127, '2019-04-10 16:12:04', '/crm/kassaadd.php', '-1', 'A', 'kassa', 'currency', '10', '', 'KGS'),
(128, '2019-04-10 16:12:04', '/crm/kassaadd.php', '-1', 'A', 'kassa', 'paymethod', '10', '', '1'),
(129, '2019-04-10 16:12:04', '/crm/kassaadd.php', '-1', 'A', 'kassa', 'param', '10', '', '+'),
(130, '2019-04-10 16:12:04', '/crm/kassaadd.php', '-1', 'A', 'kassa', 'status', '10', '', '1'),
(131, '2019-04-10 16:12:04', '/crm/kassaadd.php', '-1', 'A', 'kassa', 'name', '10', '', NULL),
(132, '2019-04-10 16:12:04', '/crm/kassaadd.php', '-1', 'A', 'kassa', 'date', '10', '', '2019-04-10 16:12:03'),
(133, '2019-04-10 16:12:04', '/crm/kassaadd.php', '-1', 'A', 'kassa', 'id', '10', '', '10'),
(134, '2019-04-10 16:13:18', '/crm/kassaadd.php', '-1', 'A', 'kassa', 'user_id', '11', '', '11'),
(135, '2019-04-10 16:13:18', '/crm/kassaadd.php', '-1', 'A', 'kassa', 'service_id', '11', '', '1'),
(136, '2019-04-10 16:13:18', '/crm/kassaadd.php', '-1', 'A', 'kassa', 'amount', '11', '', '9.00'),
(137, '2019-04-10 16:13:18', '/crm/kassaadd.php', '-1', 'A', 'kassa', 'currency', '11', '', 'USD'),
(138, '2019-04-10 16:13:18', '/crm/kassaadd.php', '-1', 'A', 'kassa', 'paymethod', '11', '', '1'),
(139, '2019-04-10 16:13:18', '/crm/kassaadd.php', '-1', 'A', 'kassa', 'param', '11', '', '+'),
(140, '2019-04-10 16:13:18', '/crm/kassaadd.php', '-1', 'A', 'kassa', 'status', '11', '', '1'),
(141, '2019-04-10 16:13:18', '/crm/kassaadd.php', '-1', 'A', 'kassa', 'name', '11', '', NULL),
(142, '2019-04-10 16:13:18', '/crm/kassaadd.php', '-1', 'A', 'kassa', 'date', '11', '', '2019-04-10 16:13:18'),
(143, '2019-04-10 16:13:18', '/crm/kassaadd.php', '-1', 'A', 'kassa', 'id', '11', '', '11'),
(144, '2019-04-10 16:13:33', '/crm/kassaadd.php', '-1', 'A', 'kassa', 'user_id', '12', '', '11'),
(145, '2019-04-10 16:13:33', '/crm/kassaadd.php', '-1', 'A', 'kassa', 'service_id', '12', '', '1'),
(146, '2019-04-10 16:13:33', '/crm/kassaadd.php', '-1', 'A', 'kassa', 'amount', '12', '', '29900.00'),
(147, '2019-04-10 16:13:33', '/crm/kassaadd.php', '-1', 'A', 'kassa', 'currency', '12', '', 'KGS'),
(148, '2019-04-10 16:13:33', '/crm/kassaadd.php', '-1', 'A', 'kassa', 'paymethod', '12', '', '1'),
(149, '2019-04-10 16:13:33', '/crm/kassaadd.php', '-1', 'A', 'kassa', 'param', '12', '', '+'),
(150, '2019-04-10 16:13:33', '/crm/kassaadd.php', '-1', 'A', 'kassa', 'status', '12', '', '1'),
(151, '2019-04-10 16:13:33', '/crm/kassaadd.php', '-1', 'A', 'kassa', 'name', '12', '', NULL),
(152, '2019-04-10 16:13:33', '/crm/kassaadd.php', '-1', 'A', 'kassa', 'date', '12', '', '2019-04-10 16:13:33'),
(153, '2019-04-10 16:13:33', '/crm/kassaadd.php', '-1', 'A', 'kassa', 'id', '12', '', '12'),
(154, '2019-04-10 16:15:50', '/crm/kassaadd.php', '-1', 'A', 'kassa', 'user_id', '13', '', '11'),
(155, '2019-04-10 16:15:50', '/crm/kassaadd.php', '-1', 'A', 'kassa', 'service_id', '13', '', '1'),
(156, '2019-04-10 16:15:50', '/crm/kassaadd.php', '-1', 'A', 'kassa', 'amount', '13', '', '11000.00'),
(157, '2019-04-10 16:15:50', '/crm/kassaadd.php', '-1', 'A', 'kassa', 'currency', '13', '', 'KGS'),
(158, '2019-04-10 16:15:50', '/crm/kassaadd.php', '-1', 'A', 'kassa', 'paymethod', '13', '', '1'),
(159, '2019-04-10 16:15:50', '/crm/kassaadd.php', '-1', 'A', 'kassa', 'param', '13', '', '+'),
(160, '2019-04-10 16:15:50', '/crm/kassaadd.php', '-1', 'A', 'kassa', 'status', '13', '', '1'),
(161, '2019-04-10 16:15:50', '/crm/kassaadd.php', '-1', 'A', 'kassa', 'name', '13', '', NULL),
(162, '2019-04-10 16:15:50', '/crm/kassaadd.php', '-1', 'A', 'kassa', 'date', '13', '', '2019-04-10 16:15:50'),
(163, '2019-04-10 16:15:50', '/crm/kassaadd.php', '-1', 'A', 'kassa', 'id', '13', '', '13'),
(164, '2019-04-10 16:22:53', '/crm/kassaadd.php', '-1', 'A', 'kassa', 'user_id', '14', '', '11'),
(165, '2019-04-10 16:22:53', '/crm/kassaadd.php', '-1', 'A', 'kassa', 'service_id', '14', '', '1'),
(166, '2019-04-10 16:22:53', '/crm/kassaadd.php', '-1', 'A', 'kassa', 'amount', '14', '', '1000.00'),
(167, '2019-04-10 16:22:53', '/crm/kassaadd.php', '-1', 'A', 'kassa', 'currency', '14', '', 'KGS'),
(168, '2019-04-10 16:22:53', '/crm/kassaadd.php', '-1', 'A', 'kassa', 'paymethod', '14', '', '1'),
(169, '2019-04-10 16:22:53', '/crm/kassaadd.php', '-1', 'A', 'kassa', 'param', '14', '', '+'),
(170, '2019-04-10 16:22:53', '/crm/kassaadd.php', '-1', 'A', 'kassa', 'status', '14', '', '1'),
(171, '2019-04-10 16:22:53', '/crm/kassaadd.php', '-1', 'A', 'kassa', 'name', '14', '', NULL),
(172, '2019-04-10 16:22:53', '/crm/kassaadd.php', '-1', 'A', 'kassa', 'date', '14', '', '2019-04-10 16:22:53'),
(173, '2019-04-10 16:22:53', '/crm/kassaadd.php', '-1', 'A', 'kassa', 'id', '14', '', '14'),
(174, '2019-04-11 13:49:00', '/crm/kassaadd.php', '-1', 'A', 'kassa', 'user_id', '15', '', '11'),
(175, '2019-04-11 13:49:00', '/crm/kassaadd.php', '-1', 'A', 'kassa', 'service_id', '15', '', '1'),
(176, '2019-04-11 13:49:00', '/crm/kassaadd.php', '-1', 'A', 'kassa', 'amount', '15', '', '19'),
(177, '2019-04-11 13:49:00', '/crm/kassaadd.php', '-1', 'A', 'kassa', 'currency', '15', '', 'USD'),
(178, '2019-04-11 13:49:00', '/crm/kassaadd.php', '-1', 'A', 'kassa', 'paymethod', '15', '', '1'),
(179, '2019-04-11 13:49:00', '/crm/kassaadd.php', '-1', 'A', 'kassa', 'param', '15', '', '+'),
(180, '2019-04-11 13:49:00', '/crm/kassaadd.php', '-1', 'A', 'kassa', 'status', '15', '', '1'),
(181, '2019-04-11 13:49:00', '/crm/kassaadd.php', '-1', 'A', 'kassa', 'name', '15', '', NULL),
(182, '2019-04-11 13:49:00', '/crm/kassaadd.php', '-1', 'A', 'kassa', 'date', '15', '', '2019-04-11 13:49:00'),
(183, '2019-04-11 13:49:00', '/crm/kassaadd.php', '-1', 'A', 'kassa', 'id', '15', '', '15'),
(184, '2019-04-11 13:51:08', '/crm/kassaadd.php', '-1', 'A', 'kassa', 'user_id', '16', '', '11'),
(185, '2019-04-11 13:51:08', '/crm/kassaadd.php', '-1', 'A', 'kassa', 'service_id', '16', '', '1'),
(186, '2019-04-11 13:51:08', '/crm/kassaadd.php', '-1', 'A', 'kassa', 'amount', '16', '', '6000'),
(187, '2019-04-11 13:51:08', '/crm/kassaadd.php', '-1', 'A', 'kassa', 'currency', '16', '', 'RUB'),
(188, '2019-04-11 13:51:08', '/crm/kassaadd.php', '-1', 'A', 'kassa', 'paymethod', '16', '', '1'),
(189, '2019-04-11 13:51:08', '/crm/kassaadd.php', '-1', 'A', 'kassa', 'param', '16', '', '+'),
(190, '2019-04-11 13:51:08', '/crm/kassaadd.php', '-1', 'A', 'kassa', 'status', '16', '', '1'),
(191, '2019-04-11 13:51:08', '/crm/kassaadd.php', '-1', 'A', 'kassa', 'name', '16', '', NULL),
(192, '2019-04-11 13:51:08', '/crm/kassaadd.php', '-1', 'A', 'kassa', 'date', '16', '', '2019-04-11 13:51:08'),
(193, '2019-04-11 13:51:08', '/crm/kassaadd.php', '-1', 'A', 'kassa', 'id', '16', '', '16'),
(194, '2019-04-12 12:44:28', '/crm/kassaadd.php', '-1', 'A', 'kassa', 'user_id', '17', '', '13'),
(195, '2019-04-12 12:44:28', '/crm/kassaadd.php', '-1', 'A', 'kassa', 'service_id', '17', '', '1'),
(196, '2019-04-12 12:44:28', '/crm/kassaadd.php', '-1', 'A', 'kassa', 'amount', '17', '', '100'),
(197, '2019-04-12 12:44:28', '/crm/kassaadd.php', '-1', 'A', 'kassa', 'currency', '17', '', 'RUB'),
(198, '2019-04-12 12:44:28', '/crm/kassaadd.php', '-1', 'A', 'kassa', 'paymethod', '17', '', '1'),
(199, '2019-04-12 12:44:28', '/crm/kassaadd.php', '-1', 'A', 'kassa', 'param', '17', '', '+'),
(200, '2019-04-12 12:44:28', '/crm/kassaadd.php', '-1', 'A', 'kassa', 'status', '17', '', '1'),
(201, '2019-04-12 12:44:28', '/crm/kassaadd.php', '-1', 'A', 'kassa', 'name', '17', '', NULL),
(202, '2019-04-12 12:44:28', '/crm/kassaadd.php', '-1', 'A', 'kassa', 'date', '17', '', '2019-04-12 12:44:28'),
(203, '2019-04-12 12:44:28', '/crm/kassaadd.php', '-1', 'A', 'kassa', 'id', '17', '', '17'),
(204, '2019-04-12 13:01:56', '/crm/kassadelete.php', '-1', '*** Начинается пакетное удаление ***', 'kassa', '', '', '', ''),
(205, '2019-04-12 13:01:56', '/crm/kassadelete.php', '-1', 'D', 'kassa', 'id', '17', '17', ''),
(206, '2019-04-12 13:01:56', '/crm/kassadelete.php', '-1', 'D', 'kassa', 'date', '17', '2019-04-12 12:44:28', ''),
(207, '2019-04-12 13:01:56', '/crm/kassadelete.php', '-1', 'D', 'kassa', 'name', '17', NULL, ''),
(208, '2019-04-12 13:01:56', '/crm/kassadelete.php', '-1', 'D', 'kassa', 'amount', '17', '100.00', ''),
(209, '2019-04-12 13:01:56', '/crm/kassadelete.php', '-1', 'D', 'kassa', 'status', '17', '1', ''),
(210, '2019-04-12 13:01:56', '/crm/kassadelete.php', '-1', 'D', 'kassa', 'user_id', '17', '13', ''),
(211, '2019-04-12 13:01:56', '/crm/kassadelete.php', '-1', 'D', 'kassa', 'currency', '17', 'RUB', ''),
(212, '2019-04-12 13:01:56', '/crm/kassadelete.php', '-1', 'D', 'kassa', 'param', '17', '+', ''),
(213, '2019-04-12 13:01:56', '/crm/kassadelete.php', '-1', 'D', 'kassa', 'paymethod', '17', '1', ''),
(214, '2019-04-12 13:01:56', '/crm/kassadelete.php', '-1', 'D', 'kassa', 'service_id', '17', '1', ''),
(215, '2019-04-12 13:01:56', '/crm/kassadelete.php', '-1', 'D', 'kassa', 'source', '17', '66.00', ''),
(216, '2019-04-12 13:01:56', '/crm/kassadelete.php', '-1', 'D', 'kassa', 'usd', '17', '1.52', ''),
(217, '2019-04-12 13:01:56', '/crm/kassadelete.php', '-1', 'D', 'kassa', 'id', '16', '16', ''),
(218, '2019-04-12 13:01:56', '/crm/kassadelete.php', '-1', 'D', 'kassa', 'date', '16', '2019-04-11 13:51:08', ''),
(219, '2019-04-12 13:01:56', '/crm/kassadelete.php', '-1', 'D', 'kassa', 'name', '16', NULL, ''),
(220, '2019-04-12 13:01:56', '/crm/kassadelete.php', '-1', 'D', 'kassa', 'amount', '16', '6000.00', ''),
(221, '2019-04-12 13:01:56', '/crm/kassadelete.php', '-1', 'D', 'kassa', 'status', '16', '1', ''),
(222, '2019-04-12 13:01:56', '/crm/kassadelete.php', '-1', 'D', 'kassa', 'user_id', '16', '11', ''),
(223, '2019-04-12 13:01:56', '/crm/kassadelete.php', '-1', 'D', 'kassa', 'currency', '16', 'RUB', ''),
(224, '2019-04-12 13:01:56', '/crm/kassadelete.php', '-1', 'D', 'kassa', 'param', '16', '+', ''),
(225, '2019-04-12 13:01:56', '/crm/kassadelete.php', '-1', 'D', 'kassa', 'paymethod', '16', '1', ''),
(226, '2019-04-12 13:01:56', '/crm/kassadelete.php', '-1', 'D', 'kassa', 'service_id', '16', '1', ''),
(227, '2019-04-12 13:01:56', '/crm/kassadelete.php', '-1', 'D', 'kassa', 'source', '16', '66.00', ''),
(228, '2019-04-12 13:01:56', '/crm/kassadelete.php', '-1', 'D', 'kassa', 'usd', '16', '90.91', ''),
(229, '2019-04-12 13:01:56', '/crm/kassadelete.php', '-1', 'D', 'kassa', 'id', '15', '15', ''),
(230, '2019-04-12 13:01:56', '/crm/kassadelete.php', '-1', 'D', 'kassa', 'date', '15', '2019-04-11 13:49:00', ''),
(231, '2019-04-12 13:01:56', '/crm/kassadelete.php', '-1', 'D', 'kassa', 'name', '15', NULL, ''),
(232, '2019-04-12 13:01:56', '/crm/kassadelete.php', '-1', 'D', 'kassa', 'amount', '15', '19.00', ''),
(233, '2019-04-12 13:01:56', '/crm/kassadelete.php', '-1', 'D', 'kassa', 'status', '15', '1', ''),
(234, '2019-04-12 13:01:56', '/crm/kassadelete.php', '-1', 'D', 'kassa', 'user_id', '15', '11', ''),
(235, '2019-04-12 13:01:56', '/crm/kassadelete.php', '-1', 'D', 'kassa', 'currency', '15', 'USD', ''),
(236, '2019-04-12 13:01:56', '/crm/kassadelete.php', '-1', 'D', 'kassa', 'param', '15', '+', ''),
(237, '2019-04-12 13:01:56', '/crm/kassadelete.php', '-1', 'D', 'kassa', 'paymethod', '15', '1', ''),
(238, '2019-04-12 13:01:56', '/crm/kassadelete.php', '-1', 'D', 'kassa', 'service_id', '15', '1', ''),
(239, '2019-04-12 13:01:56', '/crm/kassadelete.php', '-1', 'D', 'kassa', 'source', '15', '1.00', ''),
(240, '2019-04-12 13:01:56', '/crm/kassadelete.php', '-1', 'D', 'kassa', 'usd', '15', '19.00', ''),
(241, '2019-04-12 13:01:56', '/crm/kassadelete.php', '-1', 'D', 'kassa', 'id', '14', '14', ''),
(242, '2019-04-12 13:01:56', '/crm/kassadelete.php', '-1', 'D', 'kassa', 'date', '14', '2019-04-10 16:22:53', ''),
(243, '2019-04-12 13:01:56', '/crm/kassadelete.php', '-1', 'D', 'kassa', 'name', '14', NULL, ''),
(244, '2019-04-12 13:01:56', '/crm/kassadelete.php', '-1', 'D', 'kassa', 'amount', '14', '1000.00', ''),
(245, '2019-04-12 13:01:56', '/crm/kassadelete.php', '-1', 'D', 'kassa', 'status', '14', '1', ''),
(246, '2019-04-12 13:01:56', '/crm/kassadelete.php', '-1', 'D', 'kassa', 'user_id', '14', '11', ''),
(247, '2019-04-12 13:01:56', '/crm/kassadelete.php', '-1', 'D', 'kassa', 'currency', '14', 'KGS', ''),
(248, '2019-04-12 13:01:56', '/crm/kassadelete.php', '-1', 'D', 'kassa', 'param', '14', '+', ''),
(249, '2019-04-12 13:01:56', '/crm/kassadelete.php', '-1', 'D', 'kassa', 'paymethod', '14', '1', ''),
(250, '2019-04-12 13:01:56', '/crm/kassadelete.php', '-1', 'D', 'kassa', 'service_id', '14', '1', ''),
(251, '2019-04-12 13:01:56', '/crm/kassadelete.php', '-1', 'D', 'kassa', 'source', '14', NULL, ''),
(252, '2019-04-12 13:01:56', '/crm/kassadelete.php', '-1', 'D', 'kassa', 'usd', '14', NULL, ''),
(253, '2019-04-12 13:01:57', '/crm/kassadelete.php', '-1', 'D', 'kassa', 'id', '13', '13', ''),
(254, '2019-04-12 13:01:57', '/crm/kassadelete.php', '-1', 'D', 'kassa', 'date', '13', '2019-04-10 16:15:50', ''),
(255, '2019-04-12 13:01:57', '/crm/kassadelete.php', '-1', 'D', 'kassa', 'name', '13', NULL, ''),
(256, '2019-04-12 13:01:57', '/crm/kassadelete.php', '-1', 'D', 'kassa', 'amount', '13', '11000.00', ''),
(257, '2019-04-12 13:01:57', '/crm/kassadelete.php', '-1', 'D', 'kassa', 'status', '13', '1', ''),
(258, '2019-04-12 13:01:57', '/crm/kassadelete.php', '-1', 'D', 'kassa', 'user_id', '13', '11', ''),
(259, '2019-04-12 13:01:57', '/crm/kassadelete.php', '-1', 'D', 'kassa', 'currency', '13', 'KGS', ''),
(260, '2019-04-12 13:01:57', '/crm/kassadelete.php', '-1', 'D', 'kassa', 'param', '13', '+', ''),
(261, '2019-04-12 13:01:57', '/crm/kassadelete.php', '-1', 'D', 'kassa', 'paymethod', '13', '1', ''),
(262, '2019-04-12 13:01:57', '/crm/kassadelete.php', '-1', 'D', 'kassa', 'service_id', '13', '1', ''),
(263, '2019-04-12 13:01:57', '/crm/kassadelete.php', '-1', 'D', 'kassa', 'source', '13', NULL, ''),
(264, '2019-04-12 13:01:57', '/crm/kassadelete.php', '-1', 'D', 'kassa', 'usd', '13', NULL, ''),
(265, '2019-04-12 13:01:57', '/crm/kassadelete.php', '-1', 'D', 'kassa', 'id', '12', '12', ''),
(266, '2019-04-12 13:01:57', '/crm/kassadelete.php', '-1', 'D', 'kassa', 'date', '12', '2019-04-10 16:13:33', ''),
(267, '2019-04-12 13:01:57', '/crm/kassadelete.php', '-1', 'D', 'kassa', 'name', '12', NULL, ''),
(268, '2019-04-12 13:01:57', '/crm/kassadelete.php', '-1', 'D', 'kassa', 'amount', '12', '29900.00', ''),
(269, '2019-04-12 13:01:57', '/crm/kassadelete.php', '-1', 'D', 'kassa', 'status', '12', '1', ''),
(270, '2019-04-12 13:01:57', '/crm/kassadelete.php', '-1', 'D', 'kassa', 'user_id', '12', '11', ''),
(271, '2019-04-12 13:01:57', '/crm/kassadelete.php', '-1', 'D', 'kassa', 'currency', '12', 'KGS', ''),
(272, '2019-04-12 13:01:57', '/crm/kassadelete.php', '-1', 'D', 'kassa', 'param', '12', '+', ''),
(273, '2019-04-12 13:01:57', '/crm/kassadelete.php', '-1', 'D', 'kassa', 'paymethod', '12', '1', ''),
(274, '2019-04-12 13:01:57', '/crm/kassadelete.php', '-1', 'D', 'kassa', 'service_id', '12', '1', ''),
(275, '2019-04-12 13:01:57', '/crm/kassadelete.php', '-1', 'D', 'kassa', 'source', '12', NULL, ''),
(276, '2019-04-12 13:01:57', '/crm/kassadelete.php', '-1', 'D', 'kassa', 'usd', '12', NULL, ''),
(277, '2019-04-12 13:01:57', '/crm/kassadelete.php', '-1', 'D', 'kassa', 'id', '11', '11', ''),
(278, '2019-04-12 13:01:57', '/crm/kassadelete.php', '-1', 'D', 'kassa', 'date', '11', '2019-04-10 16:13:18', ''),
(279, '2019-04-12 13:01:57', '/crm/kassadelete.php', '-1', 'D', 'kassa', 'name', '11', NULL, ''),
(280, '2019-04-12 13:01:57', '/crm/kassadelete.php', '-1', 'D', 'kassa', 'amount', '11', '9.00', ''),
(281, '2019-04-12 13:01:57', '/crm/kassadelete.php', '-1', 'D', 'kassa', 'status', '11', '1', ''),
(282, '2019-04-12 13:01:57', '/crm/kassadelete.php', '-1', 'D', 'kassa', 'user_id', '11', '11', ''),
(283, '2019-04-12 13:01:57', '/crm/kassadelete.php', '-1', 'D', 'kassa', 'currency', '11', 'USD', ''),
(284, '2019-04-12 13:01:57', '/crm/kassadelete.php', '-1', 'D', 'kassa', 'param', '11', '+', ''),
(285, '2019-04-12 13:01:57', '/crm/kassadelete.php', '-1', 'D', 'kassa', 'paymethod', '11', '1', ''),
(286, '2019-04-12 13:01:57', '/crm/kassadelete.php', '-1', 'D', 'kassa', 'service_id', '11', '1', ''),
(287, '2019-04-12 13:01:57', '/crm/kassadelete.php', '-1', 'D', 'kassa', 'source', '11', '1.00', ''),
(288, '2019-04-12 13:01:57', '/crm/kassadelete.php', '-1', 'D', 'kassa', 'usd', '11', '9.00', ''),
(289, '2019-04-12 13:01:57', '/crm/kassadelete.php', '-1', 'D', 'kassa', 'id', '10', '10', ''),
(290, '2019-04-12 13:01:57', '/crm/kassadelete.php', '-1', 'D', 'kassa', 'date', '10', '2019-04-10 16:12:03', ''),
(291, '2019-04-12 13:01:57', '/crm/kassadelete.php', '-1', 'D', 'kassa', 'name', '10', NULL, ''),
(292, '2019-04-12 13:01:57', '/crm/kassadelete.php', '-1', 'D', 'kassa', 'amount', '10', '29900.00', ''),
(293, '2019-04-12 13:01:57', '/crm/kassadelete.php', '-1', 'D', 'kassa', 'status', '10', '1', ''),
(294, '2019-04-12 13:01:57', '/crm/kassadelete.php', '-1', 'D', 'kassa', 'user_id', '10', '11', ''),
(295, '2019-04-12 13:01:57', '/crm/kassadelete.php', '-1', 'D', 'kassa', 'currency', '10', 'KGS', ''),
(296, '2019-04-12 13:01:57', '/crm/kassadelete.php', '-1', 'D', 'kassa', 'param', '10', '+', ''),
(297, '2019-04-12 13:01:57', '/crm/kassadelete.php', '-1', 'D', 'kassa', 'paymethod', '10', '1', ''),
(298, '2019-04-12 13:01:57', '/crm/kassadelete.php', '-1', 'D', 'kassa', 'service_id', '10', '1', ''),
(299, '2019-04-12 13:01:57', '/crm/kassadelete.php', '-1', 'D', 'kassa', 'source', '10', NULL, ''),
(300, '2019-04-12 13:01:57', '/crm/kassadelete.php', '-1', 'D', 'kassa', 'usd', '10', NULL, ''),
(301, '2019-04-12 13:01:58', '/crm/kassadelete.php', '-1', 'D', 'kassa', 'id', '9', '9', ''),
(302, '2019-04-12 13:01:58', '/crm/kassadelete.php', '-1', 'D', 'kassa', 'date', '9', '2019-04-10 15:48:20', ''),
(303, '2019-04-12 13:01:58', '/crm/kassadelete.php', '-1', 'D', 'kassa', 'name', '9', NULL, ''),
(304, '2019-04-12 13:01:58', '/crm/kassadelete.php', '-1', 'D', 'kassa', 'amount', '9', '19900.00', ''),
(305, '2019-04-12 13:01:58', '/crm/kassadelete.php', '-1', 'D', 'kassa', 'status', '9', '1', ''),
(306, '2019-04-12 13:01:58', '/crm/kassadelete.php', '-1', 'D', 'kassa', 'user_id', '9', '11', ''),
(307, '2019-04-12 13:01:58', '/crm/kassadelete.php', '-1', 'D', 'kassa', 'currency', '9', 'KGS', ''),
(308, '2019-04-12 13:01:58', '/crm/kassadelete.php', '-1', 'D', 'kassa', 'param', '9', '+', ''),
(309, '2019-04-12 13:01:58', '/crm/kassadelete.php', '-1', 'D', 'kassa', 'paymethod', '9', '1', ''),
(310, '2019-04-12 13:01:58', '/crm/kassadelete.php', '-1', 'D', 'kassa', 'service_id', '9', '1', ''),
(311, '2019-04-12 13:01:58', '/crm/kassadelete.php', '-1', 'D', 'kassa', 'source', '9', NULL, ''),
(312, '2019-04-12 13:01:58', '/crm/kassadelete.php', '-1', 'D', 'kassa', 'usd', '9', NULL, ''),
(313, '2019-04-12 13:01:58', '/crm/kassadelete.php', '-1', 'D', 'kassa', 'id', '8', '8', ''),
(314, '2019-04-12 13:01:58', '/crm/kassadelete.php', '-1', 'D', 'kassa', 'date', '8', '2019-04-10 15:44:23', ''),
(315, '2019-04-12 13:01:58', '/crm/kassadelete.php', '-1', 'D', 'kassa', 'name', '8', NULL, ''),
(316, '2019-04-12 13:01:58', '/crm/kassadelete.php', '-1', 'D', 'kassa', 'amount', '8', '1000.00', ''),
(317, '2019-04-12 13:01:58', '/crm/kassadelete.php', '-1', 'D', 'kassa', 'status', '8', '1', ''),
(318, '2019-04-12 13:01:58', '/crm/kassadelete.php', '-1', 'D', 'kassa', 'user_id', '8', '11', ''),
(319, '2019-04-12 13:01:58', '/crm/kassadelete.php', '-1', 'D', 'kassa', 'currency', '8', 'KGS', ''),
(320, '2019-04-12 13:01:58', '/crm/kassadelete.php', '-1', 'D', 'kassa', 'param', '8', '+', ''),
(321, '2019-04-12 13:01:58', '/crm/kassadelete.php', '-1', 'D', 'kassa', 'paymethod', '8', '1', ''),
(322, '2019-04-12 13:01:58', '/crm/kassadelete.php', '-1', 'D', 'kassa', 'service_id', '8', '1', ''),
(323, '2019-04-12 13:01:58', '/crm/kassadelete.php', '-1', 'D', 'kassa', 'source', '8', NULL, ''),
(324, '2019-04-12 13:01:58', '/crm/kassadelete.php', '-1', 'D', 'kassa', 'usd', '8', NULL, ''),
(325, '2019-04-12 13:01:58', '/crm/kassadelete.php', '-1', 'D', 'kassa', 'id', '7', '7', ''),
(326, '2019-04-12 13:01:58', '/crm/kassadelete.php', '-1', 'D', 'kassa', 'date', '7', '2019-04-10 15:39:52', ''),
(327, '2019-04-12 13:01:58', '/crm/kassadelete.php', '-1', 'D', 'kassa', 'name', '7', NULL, ''),
(328, '2019-04-12 13:01:58', '/crm/kassadelete.php', '-1', 'D', 'kassa', 'amount', '7', '9900.00', ''),
(329, '2019-04-12 13:01:58', '/crm/kassadelete.php', '-1', 'D', 'kassa', 'status', '7', '1', ''),
(330, '2019-04-12 13:01:58', '/crm/kassadelete.php', '-1', 'D', 'kassa', 'user_id', '7', '11', ''),
(331, '2019-04-12 13:01:58', '/crm/kassadelete.php', '-1', 'D', 'kassa', 'currency', '7', 'KGS', ''),
(332, '2019-04-12 13:01:58', '/crm/kassadelete.php', '-1', 'D', 'kassa', 'param', '7', '+', ''),
(333, '2019-04-12 13:01:58', '/crm/kassadelete.php', '-1', 'D', 'kassa', 'paymethod', '7', '1', ''),
(334, '2019-04-12 13:01:58', '/crm/kassadelete.php', '-1', 'D', 'kassa', 'service_id', '7', '1', ''),
(335, '2019-04-12 13:01:58', '/crm/kassadelete.php', '-1', 'D', 'kassa', 'source', '7', '68.78', ''),
(336, '2019-04-12 13:01:58', '/crm/kassadelete.php', '-1', 'D', 'kassa', 'usd', '7', NULL, ''),
(337, '2019-04-12 13:01:58', '/crm/kassadelete.php', '-1', 'D', 'kassa', 'id', '6', '6', ''),
(338, '2019-04-12 13:01:58', '/crm/kassadelete.php', '-1', 'D', 'kassa', 'date', '6', '2019-04-10 15:39:27', ''),
(339, '2019-04-12 13:01:58', '/crm/kassadelete.php', '-1', 'D', 'kassa', 'name', '6', NULL, ''),
(340, '2019-04-12 13:01:58', '/crm/kassadelete.php', '-1', 'D', 'kassa', 'amount', '6', '9.00', ''),
(341, '2019-04-12 13:01:58', '/crm/kassadelete.php', '-1', 'D', 'kassa', 'status', '6', '1', ''),
(342, '2019-04-12 13:01:58', '/crm/kassadelete.php', '-1', 'D', 'kassa', 'user_id', '6', '11', ''),
(343, '2019-04-12 13:01:58', '/crm/kassadelete.php', '-1', 'D', 'kassa', 'currency', '6', 'USD', ''),
(344, '2019-04-12 13:01:58', '/crm/kassadelete.php', '-1', 'D', 'kassa', 'param', '6', '+', ''),
(345, '2019-04-12 13:01:58', '/crm/kassadelete.php', '-1', 'D', 'kassa', 'paymethod', '6', '1', ''),
(346, '2019-04-12 13:01:58', '/crm/kassadelete.php', '-1', 'D', 'kassa', 'service_id', '6', '1', ''),
(347, '2019-04-12 13:01:58', '/crm/kassadelete.php', '-1', 'D', 'kassa', 'source', '6', '1.00', ''),
(348, '2019-04-12 13:01:58', '/crm/kassadelete.php', '-1', 'D', 'kassa', 'usd', '6', '9.00', ''),
(349, '2019-04-12 13:01:59', '/crm/kassadelete.php', '-1', 'D', 'kassa', 'id', '5', '5', ''),
(350, '2019-04-12 13:01:59', '/crm/kassadelete.php', '-1', 'D', 'kassa', 'date', '5', '2019-04-10 15:37:08', ''),
(351, '2019-04-12 13:01:59', '/crm/kassadelete.php', '-1', 'D', 'kassa', 'name', '5', NULL, ''),
(352, '2019-04-12 13:01:59', '/crm/kassadelete.php', '-1', 'D', 'kassa', 'amount', '5', '9.00', ''),
(353, '2019-04-12 13:01:59', '/crm/kassadelete.php', '-1', 'D', 'kassa', 'status', '5', '1', ''),
(354, '2019-04-12 13:01:59', '/crm/kassadelete.php', '-1', 'D', 'kassa', 'user_id', '5', '11', ''),
(355, '2019-04-12 13:01:59', '/crm/kassadelete.php', '-1', 'D', 'kassa', 'currency', '5', 'USD', ''),
(356, '2019-04-12 13:01:59', '/crm/kassadelete.php', '-1', 'D', 'kassa', 'param', '5', '+', ''),
(357, '2019-04-12 13:01:59', '/crm/kassadelete.php', '-1', 'D', 'kassa', 'paymethod', '5', '1', ''),
(358, '2019-04-12 13:01:59', '/crm/kassadelete.php', '-1', 'D', 'kassa', 'service_id', '5', '1', ''),
(359, '2019-04-12 13:01:59', '/crm/kassadelete.php', '-1', 'D', 'kassa', 'source', '5', NULL, ''),
(360, '2019-04-12 13:01:59', '/crm/kassadelete.php', '-1', 'D', 'kassa', 'usd', '5', NULL, ''),
(361, '2019-04-12 13:01:59', '/crm/kassadelete.php', '-1', 'D', 'kassa', 'id', '4', '4', ''),
(362, '2019-04-12 13:01:59', '/crm/kassadelete.php', '-1', 'D', 'kassa', 'date', '4', '2019-04-10 15:20:10', ''),
(363, '2019-04-12 13:01:59', '/crm/kassadelete.php', '-1', 'D', 'kassa', 'name', '4', NULL, ''),
(364, '2019-04-12 13:01:59', '/crm/kassadelete.php', '-1', 'D', 'kassa', 'amount', '4', '10.00', ''),
(365, '2019-04-12 13:01:59', '/crm/kassadelete.php', '-1', 'D', 'kassa', 'status', '4', '1', ''),
(366, '2019-04-12 13:01:59', '/crm/kassadelete.php', '-1', 'D', 'kassa', 'user_id', '4', '11', ''),
(367, '2019-04-12 13:01:59', '/crm/kassadelete.php', '-1', 'D', 'kassa', 'currency', '4', 'USD', ''),
(368, '2019-04-12 13:01:59', '/crm/kassadelete.php', '-1', 'D', 'kassa', 'param', '4', '+', ''),
(369, '2019-04-12 13:01:59', '/crm/kassadelete.php', '-1', 'D', 'kassa', 'paymethod', '4', '1', ''),
(370, '2019-04-12 13:01:59', '/crm/kassadelete.php', '-1', 'D', 'kassa', 'service_id', '4', '1', ''),
(371, '2019-04-12 13:01:59', '/crm/kassadelete.php', '-1', 'D', 'kassa', 'source', '4', NULL, ''),
(372, '2019-04-12 13:01:59', '/crm/kassadelete.php', '-1', 'D', 'kassa', 'usd', '4', NULL, ''),
(373, '2019-04-12 13:01:59', '/crm/kassadelete.php', '-1', '*** Пакетное удаление успешно закончено ***', 'kassa', '', '', '', ''),
(374, '2019-04-12 13:06:54', '/crm/kassaadd.php', '-1', 'A', 'kassa', 'user_id', '18', '', '13'),
(375, '2019-04-12 13:06:54', '/crm/kassaadd.php', '-1', 'A', 'kassa', 'service_id', '18', '', '1'),
(376, '2019-04-12 13:06:54', '/crm/kassaadd.php', '-1', 'A', 'kassa', 'amount', '18', '', '100'),
(377, '2019-04-12 13:06:54', '/crm/kassaadd.php', '-1', 'A', 'kassa', 'currency', '18', '', 'RUB'),
(378, '2019-04-12 13:06:54', '/crm/kassaadd.php', '-1', 'A', 'kassa', 'paymethod', '18', '', '1'),
(379, '2019-04-12 13:06:54', '/crm/kassaadd.php', '-1', 'A', 'kassa', 'param', '18', '', '+'),
(380, '2019-04-12 13:06:54', '/crm/kassaadd.php', '-1', 'A', 'kassa', 'status', '18', '', '1'),
(381, '2019-04-12 13:06:54', '/crm/kassaadd.php', '-1', 'A', 'kassa', 'date', '18', '', '2019-04-12 13:06:54'),
(382, '2019-04-12 13:06:54', '/crm/kassaadd.php', '-1', 'A', 'kassa', 'name', '18', '', NULL),
(383, '2019-04-12 13:06:54', '/crm/kassaadd.php', '-1', 'A', 'kassa', 'id', '18', '', '18'),
(384, '2019-04-12 13:29:03', '/crm/kassaadd.php', '-1', 'A', 'kassa', 'user_id', '19', '', '13'),
(385, '2019-04-12 13:29:03', '/crm/kassaadd.php', '-1', 'A', 'kassa', 'service_id', '19', '', '2'),
(386, '2019-04-12 13:29:03', '/crm/kassaadd.php', '-1', 'A', 'kassa', 'amount', '19', '', '50.00'),
(387, '2019-04-12 13:29:03', '/crm/kassaadd.php', '-1', 'A', 'kassa', 'currency', '19', '', 'KGS'),
(388, '2019-04-12 13:29:03', '/crm/kassaadd.php', '-1', 'A', 'kassa', 'paymethod', '19', '', '1'),
(389, '2019-04-12 13:29:03', '/crm/kassaadd.php', '-1', 'A', 'kassa', 'param', '19', '', '-'),
(390, '2019-04-12 13:29:03', '/crm/kassaadd.php', '-1', 'A', 'kassa', 'status', '19', '', '1'),
(391, '2019-04-12 13:29:03', '/crm/kassaadd.php', '-1', 'A', 'kassa', 'date', '19', '', '2019-04-12 13:29:03'),
(392, '2019-04-12 13:29:03', '/crm/kassaadd.php', '-1', 'A', 'kassa', 'name', '19', '', NULL),
(393, '2019-04-12 13:29:03', '/crm/kassaadd.php', '-1', 'A', 'kassa', 'id', '19', '', '19'),
(394, '2019-04-12 13:31:51', '/crm/kassaadd.php', '-1', 'A', 'kassa', 'user_id', '20', '', '13'),
(395, '2019-04-12 13:31:51', '/crm/kassaadd.php', '-1', 'A', 'kassa', 'service_id', '20', '', '2'),
(396, '2019-04-12 13:31:51', '/crm/kassaadd.php', '-1', 'A', 'kassa', 'amount', '20', '', '66'),
(397, '2019-04-12 13:31:51', '/crm/kassaadd.php', '-1', 'A', 'kassa', 'currency', '20', '', 'RUB'),
(398, '2019-04-12 13:31:51', '/crm/kassaadd.php', '-1', 'A', 'kassa', 'paymethod', '20', '', '1'),
(399, '2019-04-12 13:31:51', '/crm/kassaadd.php', '-1', 'A', 'kassa', 'param', '20', '', '-'),
(400, '2019-04-12 13:31:51', '/crm/kassaadd.php', '-1', 'A', 'kassa', 'status', '20', '', '1'),
(401, '2019-04-12 13:31:51', '/crm/kassaadd.php', '-1', 'A', 'kassa', 'date', '20', '', '2019-04-12 13:31:51'),
(402, '2019-04-12 13:31:51', '/crm/kassaadd.php', '-1', 'A', 'kassa', 'name', '20', '', NULL),
(403, '2019-04-12 13:31:51', '/crm/kassaadd.php', '-1', 'A', 'kassa', 'id', '20', '', '20'),
(404, '2019-04-13 14:23:34', '/crm/logout.php', 'Администратор', 'Выход', '127.0.0.1', '', '', '', ''),
(405, '2019-04-13 14:24:09', '/crm/login.php', 'syntlex', 'Вход', '127.0.0.1', '', '', '', ''),
(406, '2019-04-13 14:26:15', '/crm/logout.php', 'Администратор', 'Выход', '127.0.0.1', '', '', '', ''),
(407, '2019-04-13 14:32:21', '/crm/login.php', '1btradegroup@gmail.com', 'Вход', '127.0.0.1', '', '', '', ''),
(408, '2019-04-13 14:35:21', '/crm/logout.php', '1btradegroup@gmail.com', 'Выход', '127.0.0.1', '', '', '', ''),
(409, '2019-04-13 14:35:28', '/crm/login.php', 'syntlex', 'Вход', '127.0.0.1', '', '', '', ''),
(410, '2019-04-13 14:40:09', '/crm/logout.php', 'Администратор', 'Выход', '127.0.0.1', '', '', '', ''),
(411, '2019-04-13 14:40:16', '/crm/login.php', '1btradegroup@gmail.com', 'Вход', '127.0.0.1', '', '', '', ''),
(412, '2019-04-13 14:57:08', '/crm/logout.php', '1btradegroup@gmail.com', 'Выход', '127.0.0.1', '', '', '', ''),
(413, '2019-04-13 14:57:16', '/crm/login.php', 'syntlex', 'Вход', '127.0.0.1', '', '', '', ''),
(414, '2019-04-13 15:07:43', '/crm/logout.php', 'Администратор', 'Выход', '127.0.0.1', '', '', '', ''),
(415, '2019-04-13 15:07:49', '/crm/login.php', '1btradegroup@gmail.com', 'Вход', '127.0.0.1', '', '', '', ''),
(416, '2019-04-13 15:09:47', '/crm/logout.php', '1btradegroup@gmail.com', 'Выход', '127.0.0.1', '', '', '', ''),
(417, '2019-04-13 15:09:55', '/crm/login.php', 'syntlex', 'Вход', '127.0.0.1', '', '', '', ''),
(418, '2019-04-13 15:23:54', '/crm/logout.php', 'Администратор', 'Выход', '127.0.0.1', '', '', '', ''),
(419, '2019-04-13 15:24:08', '/crm/login.php', 'wowkg13', 'Вход', '127.0.0.1', '', '', '', ''),
(420, '2019-04-13 15:27:56', '/crm/logout.php', 'wowkg13', 'Выход', '127.0.0.1', '', '', '', ''),
(421, '2019-04-13 15:27:59', '/crm/login.php', 'wowkg13', 'Вход', '127.0.0.1', '', '', '', ''),
(422, '2019-04-13 15:28:27', '/crm/logout.php', 'wowkg13', 'Выход', '127.0.0.1', '', '', '', ''),
(423, '2019-04-13 15:28:36', '/crm/login.php', 'wowkg11', 'Вход', '127.0.0.1', '', '', '', ''),
(424, '2019-04-13 16:16:50', '/crm/logout.php', 'wowkg11', 'Выход', '127.0.0.1', '', '', '', ''),
(425, '2019-04-13 16:16:58', '/crm/login.php', 'wowkg13', 'Вход', '127.0.0.1', '', '', '', ''),
(426, '2019-04-13 16:41:04', '/crm/login.php', 'wowkg11', 'Вход', '212.112.126.161', '', '', '', ''),
(427, '2019-04-13 16:45:03', '/crm/logout.php', 'wowkg11', 'Выход', '212.112.126.161', '', '', '', ''),
(428, '2019-04-13 16:45:27', '/crm/login.php', 'admin', 'Вход', '212.112.126.161', '', '', '', ''),
(429, '2019-04-15 07:13:22', '/crm/login.php', 'wowkg16', 'неудачная попытка: 1', '94.143.193.149', '', '', '', ''),
(430, '2019-04-15 07:13:39', '/crm/login.php', 'wowkg16', 'неудачная попытка: 2', '94.143.193.149', '', '', '', ''),
(431, '2019-04-15 07:14:14', '/crm/login.php', 'wowkg17', 'Вход', '94.143.193.149', '', '', '', ''),
(432, '2019-04-15 16:15:44', '/crm/logout.php', 'Администратор', 'Выход', '212.112.126.161', '', '', '', ''),
(433, '2019-04-15 16:15:51', '/crm/login.php', 'wowkg11', 'Вход', '212.112.126.161', '', '', '', ''),
(434, '2019-04-16 08:39:28', '/crm/login.php', 'admin', 'Вход', '94.143.193.149', '', '', '', ''),
(435, '2019-04-16 09:09:43', '/crm/login.php', 'admin', 'Вход', '94.143.193.149', '', '', '', ''),
(436, '2019-04-17 08:01:03', '/crm/login.php', 'admin', 'Вход', '94.143.193.149', '', '', '', ''),
(437, '2019-04-17 08:06:03', '/crm/login.php', 'admin', 'Вход', '94.143.193.149', '', '', '', ''),
(438, '2019-04-18 05:50:44', '/crm/login.php', 'admin', 'Вход', '94.143.193.149', '', '', '', ''),
(439, '2019-04-18 14:00:23', '/crm/login.php', 'wowkg11', 'автовход', '212.112.126.161', '', '', '', ''),
(440, '2019-04-19 04:15:40', '/crm/login.php', 'admin', 'Вход', '94.143.193.149', '', '', '', ''),
(441, '2019-04-22 04:07:08', '/crm/login.php', 'admin', 'Вход', '94.143.193.149', '', '', '', ''),
(442, '2019-04-22 04:09:44', '/crm/login.php', 'admin', 'Вход', '94.143.193.149', '', '', '', ''),
(443, '2019-04-22 09:32:27', '/crm/login.php', 'wowkg11', 'автовход', '212.112.126.161', '', '', '', ''),
(444, '2019-04-23 04:11:01', '/crm/login.php', 'admin', 'Вход', '94.143.193.149', '', '', '', ''),
(445, '2019-04-23 04:23:44', '/crm/login.php', 'admin', 'Вход', '94.143.193.149', '', '', '', ''),
(446, '2019-04-23 08:07:02', '/crm/login.php', 'admin', 'Вход', '94.143.193.149', '', '', '', ''),
(447, '2019-04-24 04:14:26', '/crm/login.php', 'admin', 'Вход', '94.143.193.149', '', '', '', ''),
(448, '2019-04-24 04:23:58', '/crm/login.php', 'admin', 'Вход', '94.143.193.149', '', '', '', ''),
(449, '2019-04-24 08:32:04', '/crm/login.php', 'admin', 'Вход', '94.143.193.149', '', '', '', ''),
(450, '2019-04-24 10:39:33', '/crm/login.php', 'wowkg11', 'автовход', '212.112.126.161', '', '', '', ''),
(451, '2019-04-25 05:05:45', '/crm/login.php', 'admin', 'Вход', '94.143.193.149', '', '', '', ''),
(452, '2019-04-26 04:08:11', '/crm/prod_category1list.php', 'admin', 'автовход', '94.143.193.149', '', '', '', ''),
(453, '2019-04-26 04:09:07', '/crm/login.php', 'admin', 'Вход', '94.143.193.149', '', '', '', ''),
(454, '2019-04-26 06:16:06', '/crm/login.php', 'admin', 'Вход', '94.143.193.149', '', '', '', ''),
(455, '2019-04-26 06:56:03', '/crm/prod_category1list.php', 'admin', 'автовход', '94.143.193.149', '', '', '', ''),
(456, '2019-04-26 08:36:54', '/crm/login.php', 'admin', 'Вход', '94.143.193.149', '', '', '', ''),
(457, '2019-04-26 09:05:40', '/crm/login.php', 'admin', 'Вход', '94.143.193.149', '', '', '', ''),
(458, '2019-04-26 09:07:21', '/crm/login.php', 'admin', 'Вход', '94.143.193.149', '', '', '', ''),
(459, '2019-04-26 09:23:19', '/crm/login.php', 'wowkg11', 'автовход', '212.112.126.161', '', '', '', ''),
(460, '2019-04-27 16:09:19', '/crm/logout.php', 'wowkg11', 'Выход', '127.0.0.1', '', '', '', ''),
(461, '2019-04-27 16:09:36', '/crm/login.php', 'syntlex', 'Вход', '127.0.0.1', '', '', '', ''),
(462, '2019-04-27 16:13:53', '/crm/logout.php', 'Администратор', 'Выход', '127.0.0.1', '', '', '', ''),
(463, '2019-04-27 16:14:00', '/crm/login.php', 'wowkg13', 'Вход', '127.0.0.1', '', '', '', ''),
(464, '2019-04-27 16:16:59', '/crm/logout.php', 'wowkg13', 'Выход', '127.0.0.1', '', '', '', ''),
(465, '2019-04-27 16:17:07', '/crm/login.php', 'wowkg11', 'Вход', '127.0.0.1', '', '', '', ''),
(466, '2019-04-29 03:58:48', '/crm/login.php', 'admin', 'Вход', '94.143.193.149', '', '', '', ''),
(467, '2019-04-29 04:41:29', '/crm/login.php', 'admin', 'Вход', '94.143.193.149', '', '', '', ''),
(468, '2019-04-29 04:41:30', '/crm/login.php', 'admin', 'Вход', '94.143.193.149', '', '', '', ''),
(469, '2019-04-29 05:38:38', '/crm/login.php', 'admin', 'Вход', '94.143.193.149', '', '', '', ''),
(470, '2019-04-29 08:54:05', '/crm/faqlist.php', 'wowkg11', 'автовход', '212.112.126.161', '', '', '', ''),
(471, '2019-04-30 04:21:24', '/crm/login.php', 'admin', 'Вход', '94.143.193.149', '', '', '', ''),
(472, '2019-04-30 04:50:16', '/crm/login.php', 'admin', 'Вход', '94.143.193.149', '', '', '', ''),
(473, '2019-04-30 15:40:48', '/crm/logout.php', 'wowkg11', 'Выход', '127.0.0.1', '', '', '', ''),
(474, '2019-04-30 15:41:05', '/crm/login.php', 'syntlex', 'Вход', '127.0.0.1', '', '', '', ''),
(475, '2019-04-30 15:42:38', '/crm/logout.php', 'Администратор', 'Выход', '127.0.0.1', '', '', '', ''),
(476, '2019-04-30 15:42:53', '/crm/login.php', 'wowkg11', 'Вход', '127.0.0.1', '', '', '', ''),
(477, '2019-05-01 15:42:20', '/crm/logout.php', 'wowkg11', 'Выход', '127.0.0.1', '', '', '', ''),
(478, '2019-05-01 15:42:27', '/crm/login.php', 'syntlex', 'Вход', '127.0.0.1', '', '', '', ''),
(479, '2019-05-01 15:43:59', '/crm/logout.php', 'Администратор', 'Выход', '127.0.0.1', '', '', '', ''),
(480, '2019-05-01 15:44:09', '/crm/login.php', 'wowkg11', 'Вход', '127.0.0.1', '', '', '', ''),
(481, '2019-05-01 16:10:08', '/crm/logout.php', 'wowkg11', 'Выход', '212.112.126.161', '', '', '', ''),
(482, '2019-05-01 16:10:11', '/crm/login.php', 'wowkg11', 'Вход', '212.112.126.161', '', '', '', ''),
(483, '2019-05-02 04:00:23', '/crm/login.php', 'admin', 'Вход', '94.143.193.149', '', '', '', ''),
(484, '2019-05-02 04:01:00', '/crm/login.php', 'admin', 'Вход', '94.143.193.149', '', '', '', ''),
(485, '2019-05-02 04:01:02', '/crm/login.php', 'admin', 'Вход', '94.143.193.149', '', '', '', ''),
(486, '2019-05-02 04:01:03', '/crm/login.php', 'admin', 'Вход', '94.143.193.149', '', '', '', ''),
(487, '2019-05-02 04:14:07', '/crm/login.php', 'admin', 'Вход', '94.143.193.149', '', '', '', ''),
(488, '2019-05-02 08:59:19', '/crm/productslist.php', 'wowkg11', 'автовход', '212.112.126.161', '', '', '', ''),
(489, '2019-05-03 04:12:44', '/crm/login.php', 'admin', 'Вход', '94.143.193.149', '', '', '', '');

-- 
-- Вывод данных для таблицы account
--
INSERT INTO account VALUES
(11, NULL, '2019-04-06 00:00:00', 'Александр', 'Бажин', 'Николаевич', '996553181870', 'wowkg11', '4a357ac79c75c5af39eafbaaeb908490', 'syntlex@mail.ru', 'Y', 6, 'a:2:{s:15:"LoginRetryCount";i:0;s:20:"LastBadLoginDateTime";s:0:"";}', NULL, 'N', NULL, 1655.75, NULL, NULL),
(12, '2019-04-18', '2019-04-11 00:00:00', 'Samat', 'Dzhakupov', 'Samatovbish', '996555005510', 'wowkg12', '712d61f5dc5fbc3419b068f0d4d09e12', 'btradegroup@gmail.com', 'Y', 1, NULL, 'Alfa Translation LLC', 'N', NULL, 0.00, NULL, 'USD'),
(13, NULL, '2019-04-11 00:00:00', 'Alex', 'Bazhin', 'N', '996707002613', 'wowkg13', '42c88848f917c3fac89921e84d34ced8', 'btradegroup@gmail.com', 'Y', 3, 'a:2:{s:15:"LoginRetryCount";i:0;s:20:"LastBadLoginDateTime";s:0:"";}', 'N/A', 'N', 'хороший и надежный', 2.04, NULL, 'USD'),
(14, NULL, '2019-04-11 00:00:00', 'Alex', 'Bazhin', 'Иванович', '99655318187000', 'wowkg14', '29a38e87702da90d72ea2f25ff752a8c', '1btradegroup@gmail.com', 'Y', 2, 'a:2:{s:15:"LoginRetryCount";i:0;s:20:"LastBadLoginDateTime";s:0:"";}', 'N/A', 'N', NULL, 0.00, NULL, 'USD'),
(15, NULL, '2019-04-12 00:00:00', 'Samat', 'Dzhakupov', 'Юрьевич', '00000000', 'wowkg15', 'cfcd208495d565ef66e7dff9f98764da', '1syntlex@bk.ru', 'Y', 4, NULL, NULL, 'N', NULL, 0.00, NULL, NULL),
(16, NULL, '2019-04-13 00:00:00', 'Рахима', 'Арли', 'Юсуровна', '99655523025', 'wowkg16', '0e23cc953d06cd46be07e3931ec7cf2d', 'info@seoclick.kg', 'Y', 6, 'a:2:{s:15:"LoginRetryCount";i:2;s:20:"LastBadLoginDateTime";s:19:"2019/04/15 07:13:39";}', NULL, 'N', NULL, 0.00, NULL, NULL),
(17, NULL, '2019-04-13 00:00:00', 'Иван', 'Иванов', 'Иванович', '996000000000', 'wowkg17', '633a851ce8257dd5a96fb73f6e8e102e', 'ivaz@gmail.com', 'Y', 5, 'a:2:{s:15:"LoginRetryCount";i:0;s:20:"LastBadLoginDateTime";s:0:"";}', NULL, 'N', NULL, 0.00, NULL, NULL),
(18, NULL, NULL, NULL, NULL, NULL, NULL, NULL, 'a4cd36fdf9cadfd844b0ed1add20a6f0', 'bakai89520@gmail.com', 'N', 0, NULL, NULL, 'N', NULL, 0.00, NULL, NULL),
(19, NULL, NULL, NULL, NULL, NULL, NULL, NULL, '21232f297a57a5a743894a0e4a801fc3', 'ulanbolotbekuulu312', 'N', 0, NULL, NULL, 'N', NULL, 0.00, NULL, NULL),
(20, NULL, NULL, NULL, NULL, NULL, NULL, NULL, '21232f297a57a5a743894a0e4a801fc3', 'ulanbolotbekuulu312', 'N', 0, NULL, NULL, 'N', NULL, 0.00, NULL, NULL),
(21, NULL, NULL, NULL, NULL, NULL, NULL, NULL, '21232f297a57a5a743894a0e4a801fc3', 'ulanbolotbekuulu312', 'N', 0, NULL, NULL, 'N', NULL, 0.00, NULL, NULL);

-- 
-- Восстановить предыдущий режим SQL (SQL mode)
-- 
/*!40101 SET SQL_MODE=@OLD_SQL_MODE */;

-- 
-- Включение внешних ключей
-- 
/*!40014 SET FOREIGN_KEY_CHECKS = @OLD_FOREIGN_KEY_CHECKS */;